user_id,emoji_mean,emoji_max,emoji_std,emoji_sum,political_mean,political_max,political_std,political_sum,attack_mean,attack_max,attack_std,attack_sum,emotional_mean,emotional_max,emotional_std,emotional_sum,low_effort_mean,low_effort_max,low_effort_std,low_effort_sum,coordination_mean,coordination_max,coordination_std,coordination_sum,algorithmic_mean,algorithmic_max,algorithmic_std,algorithmic_sum,authenticity_mean,authenticity_max,authenticity_std,authenticity_sum,length_mean,length_max,length_std,length_sum,repetition_mean,repetition_max,repetition_std,repetition_sum,punctuation_mean,punctuation_max,punctuation_std,punctuation_sum,caps_mean,caps_max,caps_std,caps_sum,overall_max,overall_mean,n_high_score,n_med_score,n_comments,n_threads,likes_total,likes_per_comment,threads_per_comment,delta_mean_s,delta_std_s,delta_min_s,likes_mean,replies_mean,label
781291,0.0,0.0,0.0,0.0,0.023584905660377357,0.09433962264150943,0.04085025489549239,0.09433962264150943,0.0,0.0,0.0,0.0,0.0,0.0,0.0,0.0,0.0,0.0,0.0,0.0,0.0,0.0,0.0,0.0,0.0,0.0,0.0,0.0,0.0,0.0,0.0,0.0,0.175,0.4,0.17853571071357124,0.7,0.0,0.0,0.0,0.0,0.0,0.0,0.0,0.0,0.0,0.0,0.0,0.0,0.4,0.175,0.0,2.0,4.0,4.0,0.0,0.0,1.0,805291.3333333334,422502.5716705429,215263.0,0.0,0.0,0
955704,0.0,0.0,0.0,0.0,0.0,0.0,0.0,0.0,0.0,0.0,0.0,0.0,0.0,0.0,0.0,0.0,0.0,0.0,0.0,0.0,0.0,0.0,0.0,0.0,0.0,0.0,0.0,0.0,0.0,0.0,0.0,0.0,0.0,0.0,0.0,0.0,0.0,0.0,0.0,0.0,0.0,0.0,0.0,0.0,0.0,0.0,0.0,0.0,0.0,0.0,0.0,0.0,1.0,1.0,10.0,10.0,1.0,0.0,0.0,0.0,10.0,0.0,0
1042938,0.0,0.0,0.0,0.0,0.0,0.0,0.0,0.0,0.0,0.0,0.0,0.0,0.0,0.0,0.0,0.0,0.0,0.0,0.0,0.0,0.0,0.0,0.0,0.0,0.0,0.0,0.0,0.0,0.0,0.0,0.0,0.0,0.0,0.0,0.0,0.0,0.008571428571428572,0.3,0.04997958767010257,0.3,0.0,0.0,0.0,0.0,0.0,0.0,0.0,0.0,0.3,0.008571428571428572,0.0,1.0,35.0,35.0,3.0,0.08571428571428572,1.0,45728.91176470588,103283.97161662586,51.0,0.08571428571428572,0.0,0
1254515,0.0,0.0,0.0,0.0,0.0,0.0,0.0,0.0,0.0,0.0,0.0,0.0,0.0,0.0,0.0,0.0,0.0,0.0,0.0,0.0,0.0,0.0,0.0,0.0,0.0,0.0,0.0,0.0,0.0,0.0,0.0,0.0,0.0,0.0,0.0,0.0,0.0,0.0,0.0,0.0,0.0,0.0,0.0,0.0,0.0,0.0,0.0,0.0,0.0,0.0,0.0,0.0,6.0,6.0,1.0,0.16666666666666666,1.0,399377.2,329420.05039972905,80576.0,0.16666666666666666,0.0,0
1371079,0.0,0.0,0.0,0.0,0.0064516129032258064,1.0,0.08006241061929587,1.0,0.0,0.0,0.0,0.0,0.0,0.0,0.0,0.0,0.005161290322580645,0.8,0.06404992849543668,0.8,0.005161290322580645,0.4,0.0451428533794475,0.8,0.0,0.0,0.0,0.0,0.0,0.0,0.0,0.0,0.025806451612903226,0.4,0.09826804007566331,4.0,0.05225806451612903,0.3,0.11378274934218632,8.1,0.013548387096774191,0.6,0.07100878578520313,2.0999999999999996,0.0,0.0,0.0,0.0,1.0,0.10193548387096774,2.0,42.0,155.0,135.0,4.0,0.025806451612903226,0.8709677419354839,14556.623376623376,42796.73502279586,32.0,0.025806451612903226,0.0,0
1636867,0.0,0.0,0.0,0.0,0.0,0.0,0.0,0.0,0.0,0.0,0.0,0.0,0.0,0.0,0.0,0.0,0.0,0.0,0.0,0.0,0.0,0.0,0.0,0.0,0.0,0.0,0.0,0.0,0.0,0.0,0.0,0.0,0.0,0.0,0.0,0.0,0.0,0.0,0.0,0.0,0.0,0.0,0.0,0.0,0.0,0.0,0.0,0.0,0.0,0.0,0.0,0.0,1.0,1.0,0.0,0.0,1.0,0.0,0.0,0.0,0.0,0.0,0
1698361,0.0,0.0,0.0,0.0,0.0,0.0,0.0,0.0,0.0,0.0,0.0,0.0,0.0,0.0,0.0,0.0,0.0,0.0,0.0,0.0,0.0,0.0,0.0,0.0,0.0,0.0,0.0,0.0,0.0,0.0,0.0,0.0,0.0,0.0,0.0,0.0,0.0,0.0,0.0,0.0,0.0,0.0,0.0,0.0,0.0,0.0,0.0,0.0,0.0,0.0,0.0,0.0,4.0,4.0,0.0,0.0,1.0,5771.666666666667,7063.534352967751,214.0,0.0,0.0,0
1966175,0.0,0.0,0.0,0.0,0.0,0.0,0.0,0.0,0.0,0.0,0.0,0.0,0.0,0.0,0.0,0.0,0.0,0.0,0.0,0.0,0.0,0.0,0.0,0.0,0.0,0.0,0.0,0.0,0.0,0.0,0.0,0.0,0.0,0.0,0.0,0.0,0.09999999999999999,0.3,0.1414213562373095,0.3,0.0,0.0,0.0,0.0,0.0,0.0,0.0,0.0,0.3,0.09999999999999999,0.0,1.0,3.0,3.0,0.0,0.0,1.0,375138.0,90528.0,284610.0,0.0,0.0,0
2066757,0.0,0.0,0.0,0.0,0.0,0.0,0.0,0.0,0.0,0.0,0.0,0.0,0.0,0.0,0.0,0.0,0.0,0.0,0.0,0.0,0.0,0.0,0.0,0.0,0.0,0.0,0.0,0.0,0.0,0.0,0.0,0.0,0.0,0.0,0.0,0.0,0.09999999999999999,0.3,0.1414213562373095,0.6,0.0,0.0,0.0,0.0,0.0,0.0,0.0,0.0,0.3,0.09999999999999999,0.0,2.0,6.0,6.0,0.0,0.0,1.0,122702.2,123231.35221428027,6271.0,0.0,0.0,0
2340809,0.0,0.0,0.0,0.0,0.0,0.0,0.0,0.0,0.0,0.0,0.0,0.0,0.0,0.0,0.0,0.0,0.0,0.0,0.0,0.0,0.0,0.0,0.0,0.0,0.0,0.0,0.0,0.0,0.0,0.0,0.0,0.0,0.0,0.0,0.0,0.0,0.0,0.0,0.0,0.0,0.0,0.0,0.0,0.0,0.0,0.0,0.0,0.0,0.0,0.0,0.0,0.0,4.0,4.0,1.0,0.25,1.0,743840.0,195359.19971853556,591876.0,0.25,0.0,0
2429479,0.0,0.0,0.0,0.0,0.037235057101304155,1.0,0.17703523841788352,1.1542867701404287,0.05161290322580645,0.9,0.19817061359235696,1.6,0.03870967741935484,0.7,0.14957449186283395,1.2,0.0,0.0,0.0,0.0,0.025806451612903226,0.4,0.09826804007566332,0.8,0.0,0.0,0.0,0.0,0.0,0.0,0.0,0.0,0.03870967741935484,0.3,0.10057069205238643,1.2,0.00967741935483871,0.3,0.05300540879082252,0.3,0.0,0.0,0.0,0.0,0.0,0.0,0.0,0.0,1.0,0.18108504398826974,4.0,6.0,31.0,31.0,15.0,0.4838709677419355,1.0,80560.6,78125.07474070025,742.0,0.4838709677419355,0.0,0
3103055,0.011111111111111112,0.2,0.04581228472908512,0.2,0.0,0.0,0.0,0.0,0.0,0.0,0.0,0.0,0.0,0.0,0.0,0.0,0.0,0.0,0.0,0.0,0.0,0.0,0.0,0.0,0.0,0.0,0.0,0.0,0.0,0.0,0.0,0.0,0.0,0.0,0.0,0.0,0.0,0.0,0.0,0.0,0.0,0.0,0.0,0.0,0.0,0.0,0.0,0.0,0.2,0.011111111111111112,0.0,0.0,18.0,17.0,2.0,0.1111111111111111,0.9444444444444444,137150.0588235294,166614.54181202743,135.0,0.1111111111111111,0.0,0
3388380,0.0,0.0,0.0,0.0,0.015151515151515152,1.0,0.12215542042876588,1.0,0.031818181818181815,0.7,0.1458092266576858,2.0999999999999996,0.0,0.0,0.0,0.0,0.012121212121212121,0.8,0.09772433634301271,0.8,0.006060606060606061,0.4,0.04886216817150636,0.4,0.0,0.0,0.0,0.0,0.0,0.0,0.0,0.0,0.016666666666666666,0.4,0.07703468981143127,1.1,0.004545454545454545,0.3,0.03664662612862977,0.3,0.0,0.0,0.0,0.0,0.0,0.0,0.0,0.0,1.0,0.08636363636363636,5.0,5.0,66.0,66.0,4.0,0.06060606060606061,1.0,38461.16923076923,55179.45285355333,58.0,0.06060606060606061,0.0,0
3434965,0.010526315789473684,0.2,0.044659375653887216,0.2,0.17888471177944862,1.0,0.28871695021242944,3.3988095238095237,0.0,0.0,0.0,0.0,0.0,0.0,0.0,0.0,0.0,0.0,0.0,0.0,0.0,0.0,0.0,0.0,0.0,0.0,0.0,0.0,0.0,0.0,0.0,0.0,0.031578947368421054,0.3,0.09206766149755738,0.6,0.031578947368421054,0.3,0.09206766149755738,0.6,0.0,0.0,0.0,0.0,0.0,0.0,0.0,0.0,1.0,0.2420426065162907,2.0,8.0,19.0,6.0,18.0,0.9473684210526315,0.3157894736842105,209884.94444444444,452031.71630827856,56.0,0.9473684210526315,0.0,0
4050809,0.0,0.0,0.0,0.0,0.22343727449109685,1.0,0.3258744310235362,8.714053705152777,0.020512820512820513,0.8,0.12644951800962007,0.8,0.0,0.0,0.0,0.0,0.0,0.0,0.0,0.0,0.010256410256410256,0.4,0.06322475900481003,0.4,0.0,0.0,0.0,0.0,0.0,0.0,0.0,0.0,0.030769230769230774,0.4,0.10658774200423862,1.2000000000000002,0.023076923076923075,0.3,0.07994080650317896,0.8999999999999999,0.0,0.0,0.0,0.0,0.0,0.0,0.0,0.0,1.0,0.2646137450793321,7.0,10.0,39.0,33.0,0.0,0.0,0.8461538461538461,67818.3947368421,86280.98520487077,64.0,0.0,0.0,0
4257726,0.0,0.0,0.0,0.0,0.0,0.0,0.0,0.0,0.012280701754385965,0.7,0.09190035686813187,0.7,0.0,0.0,0.0,0.0,0.0,0.0,0.0,0.0,0.014035087719298246,0.4,0.07360062092422118,0.8,0.0,0.0,0.0,0.0,0.0,0.0,0.0,0.0,0.021052631578947368,0.3,0.07663273567663703,1.2,0.03157894736842105,0.3,0.09206766149755738,1.7999999999999998,0.0,0.0,0.0,0.0,0.0,0.0,0.0,0.0,0.7,0.06842105263157895,1.0,10.0,57.0,52.0,4.0,0.07017543859649122,0.9122807017543859,76559.16071428571,217943.99835481794,25.0,0.07017543859649122,0.0,0
4519439,0.0,0.0,0.0,0.0,0.21800638638369155,1.0,0.35638577621066153,5.014146886824905,0.03043478260869565,0.7,0.1427517839946261,0.7,0.0,0.0,0.0,0.0,0.0,0.0,0.0,0.0,0.0,0.0,0.0,0.0,0.0,0.0,0.0,0.0,0.0,0.0,0.0,0.0,0.06521739130434782,0.3,0.12374129974571918,1.5,0.02608695652173913,0.3,0.08453140041401558,0.6,0.0,0.0,0.0,0.0,0.0,0.0,0.0,0.0,1.0,0.2857742181540809,5.0,6.0,23.0,13.0,4.0,0.17391304347826086,0.5652173913043478,94413.95454545454,171988.47686333716,1128.0,0.17391304347826086,0.0,0
4696094,0.0,0.0,0.0,0.0,0.0,0.0,0.0,0.0,0.0,0.0,0.0,0.0,0.0,0.0,0.0,0.0,0.0,0.0,0.0,0.0,0.0,0.0,0.0,0.0,0.0,0.0,0.0,0.0,0.0,0.0,0.0,0.0,0.0,0.0,0.0,0.0,0.0,0.0,0.0,0.0,0.0,0.0,0.0,0.0,0.0,0.0,0.0,0.0,0.0,0.0,0.0,0.0,3.0,3.0,1.0,0.3333333333333333,1.0,601430.5,255030.5,346400.0,0.3333333333333333,0.0,0
4696302,0.0,0.0,0.0,0.0,0.0,0.0,0.0,0.0,0.0,0.0,0.0,0.0,0.0,0.0,0.0,0.0,0.0,0.0,0.0,0.0,0.0,0.0,0.0,0.0,0.0,0.0,0.0,0.0,0.0,0.0,0.0,0.0,0.0,0.0,0.0,0.0,0.0,0.0,0.0,0.0,0.0,0.0,0.0,0.0,0.0,0.0,0.0,0.0,0.0,0.0,0.0,0.0,5.0,4.0,0.0,0.0,0.8,169167.0,244445.3196350873,147.0,0.0,0.0,0
5196247,0.0,0.0,0.0,0.0,0.0,0.0,0.0,0.0,0.0,0.0,0.0,0.0,0.0,0.0,0.0,0.0,0.0,0.0,0.0,0.0,0.0,0.0,0.0,0.0,0.0,0.0,0.0,0.0,0.0,0.0,0.0,0.0,0.0,0.0,0.0,0.0,0.0,0.0,0.0,0.0,0.0,0.0,0.0,0.0,0.0,0.0,0.0,0.0,0.0,0.0,0.0,0.0,14.0,13.0,0.0,0.0,0.9285714285714286,186006.84615384616,360083.12809274095,38.0,0.0,0.0,0
5543523,0.0,0.0,0.0,0.0,0.0,0.0,0.0,0.0,0.0,0.0,0.0,0.0,0.0,0.0,0.0,0.0,0.0,0.0,0.0,0.0,0.0,0.0,0.0,0.0,0.0,0.0,0.0,0.0,0.0,0.0,0.0,0.0,0.0,0.0,0.0,0.0,0.0,0.0,0.0,0.0,0.06,0.3,0.12000000000000001,0.3,0.0,0.0,0.0,0.0,0.3,0.06,0.0,1.0,5.0,1.0,0.0,0.0,0.2,29677.0,50370.79995890476,134.0,0.0,0.0,0
6157493,0.0,0.0,0.0,0.0,0.4105852540253289,1.0,0.41067916031717167,19.29750693919046,0.13404255319148936,0.8,0.2962722983759544,6.3,0.0,0.0,0.0,0.0,0.0,0.0,0.0,0.0,0.0,0.0,0.0,0.0,0.0,0.0,0.0,0.0,0.0,0.0,0.0,0.0,0.006382978723404255,0.3,0.04329146797739532,0.3,0.0,0.0,0.0,0.0,0.05744680851063829,0.6,0.13328050862439,2.6999999999999997,0.0,0.0,0.0,0.0,1.0,0.5018057002099556,21.0,13.0,47.0,18.0,14.0,0.2978723404255319,0.3829787234042553,55155.260869565216,139033.26937376548,49.0,0.2978723404255319,0.0,1
6165260,0.0,0.0,0.0,0.0,0.0,0.0,0.0,0.0,0.0,0.0,0.0,0.0,0.0,0.0,0.0,0.0,0.034782608695652174,0.8,0.1631448959938584,0.8,0.0,0.0,0.0,0.0,0.0,0.0,0.0,0.0,0.0,0.0,0.0,0.0,0.0,0.0,0.0,0.0,0.0,0.0,0.0,0.0,0.0,0.0,0.0,0.0,0.0,0.0,0.0,0.0,0.8,0.034782608695652174,1.0,0.0,23.0,19.0,0.0,0.0,0.8260869565217391,122413.59090909091,185194.77793017105,453.0,0.0,0.0,0
6204203,0.0,0.0,0.0,0.0,0.0,0.0,0.0,0.0,0.0,0.0,0.0,0.0,0.0,0.0,0.0,0.0,0.0,0.0,0.0,0.0,0.0,0.0,0.0,0.0,0.175,0.7,0.3031088913245535,1.4,0.0,0.0,0.0,0.0,0.0,0.0,0.0,0.0,0.0375,0.3,0.09921567416492215,0.3,0.0,0.0,0.0,0.0,0.0,0.0,0.0,0.0,0.7,0.2125,2.0,1.0,8.0,8.0,1.0,0.125,1.0,299898.14285714284,200833.34751866042,74091.0,0.125,0.0,0
6368397,0.44999999999999996,0.8999999999999999,0.44999999999999996,0.8999999999999999,0.0,0.0,0.0,0.0,0.0,0.0,0.0,0.0,0.0,0.0,0.0,0.0,0.0,0.0,0.0,0.0,0.0,0.0,0.0,0.0,0.0,0.0,0.0,0.0,0.0,0.0,0.0,0.0,0.2,0.4,0.2,0.4,0.0,0.0,0.0,0.0,0.0,0.0,0.0,0.0,0.0,0.0,0.0,0.0,0.8999999999999999,0.44999999999999996,1.0,0.0,2.0,1.0,0.0,0.0,0.5,30223.0,0.0,30223.0,0.0,0.0,0
6492321,0.0,0.0,0.0,0.0,0.0,0.0,0.0,0.0,0.0,0.0,0.0,0.0,0.0,0.0,0.0,0.0,0.0,0.0,0.0,0.0,0.0,0.0,0.0,0.0,0.0,0.0,0.0,0.0,0.0,0.0,0.0,0.0,0.4,0.4,0.0,0.4,0.0,0.0,0.0,0.0,0.0,0.0,0.0,0.0,0.0,0.0,0.0,0.0,0.4,0.4,0.0,1.0,1.0,1.0,0.0,0.0,1.0,0.0,0.0,0.0,0.0,0.0,0
6498440,0.0,0.0,0.0,0.0,0.0,0.0,0.0,0.0,0.0,0.0,0.0,0.0,0.0,0.0,0.0,0.0,0.0,0.0,0.0,0.0,0.0,0.0,0.0,0.0,0.0,0.0,0.0,0.0,0.0,0.0,0.0,0.0,0.06666666666666667,0.4,0.14907119849998599,0.4,0.049999999999999996,0.3,0.11180339887498948,0.3,0.0,0.0,0.0,0.0,0.0,0.0,0.0,0.0,0.4,0.11666666666666665,0.0,2.0,6.0,6.0,0.0,0.0,1.0,21430.6,38973.20097502898,115.0,0.0,0.0,1
6545378,0.0,0.0,0.0,0.0,0.0140625,1.0,0.11179248004114588,1.125,0.0,0.0,0.0,0.0,0.0,0.0,0.0,0.0,0.0,0.0,0.0,0.0,0.0,0.0,0.0,0.0,0.0,0.0,0.0,0.0,0.0,0.0,0.0,0.0,0.015000000000000003,0.4,0.07599342076785331,1.2000000000000002,0.00375,0.3,0.03333072906493345,0.3,0.0,0.0,0.0,0.0,0.0,0.0,0.0,0.0,1.0,0.0328125,1.0,4.0,80.0,63.0,1.0,0.0125,0.7875,32895.86075949367,44200.01038854743,21.0,0.0125,0.0,0
6598944,0.037500000000000006,0.2,0.07806247497997998,1.2000000000000002,0.43957116311235306,1.0,0.4541154624774813,14.066277219595298,0.10625000000000001,0.9,0.2816663584810937,3.4000000000000004,0.0,0.0,0.0,0.0,0.0,0.0,0.0,0.0,0.0,0.0,0.0,0.0,0.0,0.0,0.0,0.0,0.0,0.0,0.0,0.0,0.0,0.0,0.0,0.0,0.0,0.0,0.0,0.0,0.0375,0.3,0.09921567416492215,1.2,0.0,0.0,0.0,0.0,1.0,0.5377197316413563,16.0,5.0,32.0,17.0,1.0,0.03125,0.53125,81644.09677419355,124863.09824049874,42.0,0.03125,0.0,1
6627265,0.0,0.0,0.0,0.0,0.3710539412616177,1.0,0.37106288933073694,33.76590865480721,0.052747252747252754,0.9,0.19908618672625142,4.800000000000001,0.0,0.0,0.0,0.0,0.0,0.0,0.0,0.0,0.008791208791208791,0.4,0.05864467720495092,0.8,0.0,0.0,0.0,0.0,0.0,0.0,0.0,0.0,0.006593406593406593,0.3,0.043983507903713186,0.6,0.0,0.0,0.0,0.0,0.006593406593406593,0.3,0.043983507903713186,0.6,0.0,0.0,0.0,0.0,1.0,0.4224773716324166,33.0,18.0,91.0,76.0,13.0,0.14285714285714285,0.8351648351648352,29043.866666666665,66285.06814697327,191.0,0.14285714285714285,0.0,0
6778364,0.0,0.0,0.0,0.0,0.008598271957050582,0.7692307692307693,0.07359794481317404,1.1263736263736264,0.0,0.0,0.0,0.0,0.0,0.0,0.0,0.0,0.0,0.0,0.0,0.0,0.0030534351145038168,0.4,0.03481451679692025,0.4,0.0,0.0,0.0,0.0,0.0,0.0,0.0,0.0,0.0030534351145038168,0.4,0.03481451679692025,0.4,0.0022900763358778627,0.3,0.026110887597690178,0.3,0.0,0.0,0.0,0.0,0.0,0.0,0.0,0.0,0.7692307692307693,0.01699521852193608,1.0,4.0,131.0,126.0,6.0,0.04580152671755725,0.9618320610687023,20609.584615384614,55583.94446902043,47.0,0.04580152671755725,0.0,0
6786766,0.0,0.0,0.0,0.0,0.0,0.0,0.0,0.0,0.0,0.0,0.0,0.0,0.0,0.0,0.0,0.0,0.0,0.0,0.0,0.0,0.0,0.0,0.0,0.0,0.0,0.0,0.0,0.0,0.0,0.0,0.0,0.0,0.0,0.0,0.0,0.0,0.00967741935483871,0.3,0.05300540879082252,0.3,0.0,0.0,0.0,0.0,0.0,0.0,0.0,0.0,0.3,0.00967741935483871,0.0,1.0,31.0,23.0,10.0,0.3225806451612903,0.7419354838709677,86638.8,116600.15899314488,119.0,0.3225806451612903,0.0,0
6800009,0.0,0.0,0.0,0.0,0.004629629629629629,0.41666666666666663,0.043675838574336115,0.41666666666666663,0.0077777777777777776,0.7,0.07337540880488469,0.7,0.0,0.0,0.0,0.0,0.017777777777777778,0.8,0.1179244369904142,1.6,0.0,0.0,0.0,0.0,0.0,0.0,0.0,0.0,0.0,0.0,0.0,0.0,0.07555555555555556,0.4,0.15656813292274258,6.8,0.003333333333333333,0.3,0.031446603773522014,0.3,0.0,0.0,0.0,0.0,0.0,0.0,0.0,0.0,0.8,0.10462962962962963,3.0,18.0,90.0,72.0,2.0,0.022222222222222223,0.8,29099.573033707864,51004.18048208559,23.0,0.022222222222222223,0.0,0
6844095,0.0007843137254901962,0.2,0.012499903882752338,0.2,0.379648046380739,1.0,0.43284706505925963,96.81025182708845,0.10392156862745099,0.9,0.2730803116184282,26.5,0.01215686274509804,0.6,0.07852347533313159,3.1,0.006274509803921569,0.8,0.0705708039479341,1.6,0.009411764705882354,0.4,0.06063105283164766,2.4000000000000004,0.002745098039215686,0.7,0.04374966358963317,0.7,0.0,0.0,0.0,0.0,0.01764705882352941,0.4,0.07384637565400101,4.5,0.05411764705882352,0.3,0.11535412604004967,13.799999999999997,0.012941176470588235,0.6,0.06648880541621079,3.3,0.0,0.0,0.0,0.0,1.0,0.48574752848883246,112.0,53.0,255.0,93.0,45.0,0.17647058823529413,0.36470588235294116,9868.429133858268,25077.316944496706,13.0,0.17647058823529413,0.0,1
6886521,0.044444444444444446,0.2,0.08314794192830981,0.8,0.0028058361391694727,0.05050505050505051,0.011568758769970992,0.05050505050505051,0.0,0.0,0.0,0.0,0.03888888888888889,0.7,0.16034299655179793,0.7,0.0,0.0,0.0,0.0,0.022222222222222223,0.4,0.09162456945817024,0.4,0.0,0.0,0.0,0.0,0.0,0.0,0.0,0.0,0.03333333333333333,0.3,0.09428090415820632,0.6,0.016666666666666666,0.3,0.06871842709362767,0.3,0.016666666666666666,0.3,0.06871842709362767,0.3,0.0,0.0,0.0,0.0,0.7,0.09444444444444444,1.0,2.0,18.0,14.0,0.0,0.0,0.7777777777777778,136716.17647058822,119215.7324271647,1035.0,0.0,0.0,1
6897552,0.0,0.0,0.0,0.0,0.11879640827009248,1.0,0.29898227519820364,6.771395271395272,0.0,0.0,0.0,0.0,0.0,0.0,0.0,0.0,0.0,0.0,0.0,0.0,0.0,0.0,0.0,0.0,0.0,0.0,0.0,0.0,0.0,0.0,0.0,0.0,0.0,0.0,0.0,0.0,0.0,0.0,0.0,0.0,0.0,0.0,0.0,0.0,0.0,0.0,0.0,0.0,1.0,0.11879640827009248,7.0,0.0,57.0,37.0,1.0,0.017543859649122806,0.6491228070175439,43310.83928571428,50571.4995472382,58.0,0.017543859649122806,0.0,1
6907936,0.010526315789473684,0.2,0.044659375653887216,0.2,0.0,0.0,0.0,0.0,0.0,0.0,0.0,0.0,0.0,0.0,0.0,0.0,0.0,0.0,0.0,0.0,0.0,0.0,0.0,0.0,0.0,0.0,0.0,0.0,0.0,0.0,0.0,0.0,0.021052631578947368,0.4,0.08931875130777443,0.4,0.0,0.0,0.0,0.0,0.0,0.0,0.0,0.0,0.0,0.0,0.0,0.0,0.4,0.03157894736842106,0.0,1.0,19.0,15.0,1.0,0.05263157894736842,0.7894736842105263,40736.444444444445,56954.82412815561,170.0,0.05263157894736842,0.0,1
6967530,0.0,0.0,0.0,0.0,0.1766844266844267,1.0,0.34450940044516254,3.7103729603729603,0.0,0.0,0.0,0.0,0.0,0.0,0.0,0.0,0.0,0.0,0.0,0.0,0.0,0.0,0.0,0.0,0.0,0.0,0.0,0.0,0.0,0.0,0.0,0.0,0.01904761904761905,0.4,0.08518354199999201,0.4,0.02857142857142857,0.3,0.0880630571852711,0.6,0.0,0.0,0.0,0.0,0.0,0.0,0.0,0.0,1.0,0.2243034743034743,3.0,5.0,21.0,20.0,0.0,0.0,0.9523809523809523,96259.4,152424.8754066737,254.0,0.0,0.0,0
7049956,0.0,0.0,0.0,0.0,0.20602134812298567,1.0,0.319647178347865,14.627515716731983,0.03098591549295775,0.8,0.14879000164782266,2.2,0.0,0.0,0.0,0.0,0.0,0.0,0.0,0.0,0.022535211267605635,0.4,0.09222932700701353,1.6,0.0,0.0,0.0,0.0,0.0,0.0,0.0,0.0,0.10985915492957746,0.3,0.14452927923791892,7.8,0.004225352112676056,0.3,0.035351832107073614,0.3,0.008450704225352112,0.3,0.04963664841325662,0.6,0.0,0.0,0.0,0.0,1.0,0.32101560801670503,14.0,28.0,71.0,64.0,7.0,0.09859154929577464,0.9014084507042254,33412.37142857143,97623.2264272291,142.0,0.09859154929577464,0.0,0
7134304,0.0,0.0,0.0,0.0,0.0,0.0,0.0,0.0,0.0,0.0,0.0,0.0,0.0,0.0,0.0,0.0,0.0,0.0,0.0,0.0,0.0,0.0,0.0,0.0,0.0,0.0,0.0,0.0,0.0,0.0,0.0,0.0,0.044444444444444446,0.4,0.1257078722109418,0.4,0.0,0.0,0.0,0.0,0.0,0.0,0.0,0.0,0.0,0.0,0.0,0.0,0.4,0.044444444444444446,0.0,1.0,9.0,9.0,0.0,0.0,1.0,305039.625,284073.79844282434,39465.0,0.0,0.0,0
7172694,0.0,0.0,0.0,0.0,0.0,0.0,0.0,0.0,0.0,0.0,0.0,0.0,0.0,0.0,0.0,0.0,0.0,0.0,0.0,0.0,0.016666666666666666,0.4,0.07993052538854532,0.4,0.029166666666666664,0.7,0.1398784194299543,0.7,0.0,0.0,0.0,0.0,0.0,0.0,0.0,0.0,0.024999999999999998,0.3,0.08291561975888499,0.6,0.012499999999999999,0.3,0.05994789404140899,0.3,0.0,0.0,0.0,0.0,0.7,0.08333333333333333,1.0,4.0,24.0,23.0,0.0,0.0,0.9583333333333334,97232.78260869565,194599.37701293468,36.0,0.0,0.0,0
7222537,0.0,0.0,0.0,0.0,0.0425531914893617,1.0,0.20184751022351363,2.0,0.02978723404255319,0.7,0.1412932571564595,1.4,0.0,0.0,0.0,0.0,0.01702127659574468,0.8,0.11544391460638753,0.8,0.00851063829787234,0.4,0.057721957303193766,0.4,0.0,0.0,0.0,0.0,0.0,0.0,0.0,0.0,0.04042553191489362,0.4,0.11788846959314951,1.9000000000000001,0.019148936170212762,0.3,0.07333484229623015,0.8999999999999999,0.01276595744680851,0.3,0.06055425306705405,0.6,0.0,0.0,0.0,0.0,1.0,0.16170212765957445,5.0,10.0,47.0,39.0,5.0,0.10638297872340426,0.8297872340425532,52291.391304347824,61304.93104660905,36.0,0.10638297872340426,0.0,0
7236126,0.0,0.0,0.0,0.0,0.0,0.0,0.0,0.0,0.008749999999999999,0.7,0.07777170115151139,0.7,0.0,0.0,0.0,0.0,0.01,0.8,0.0888819441731559,0.8,0.02,0.4,0.08717797887081348,1.6,0.0,0.0,0.0,0.0,0.0,0.0,0.0,0.0,0.015000000000000003,0.4,0.07599342076785331,1.2000000000000002,0.041249999999999995,0.3,0.10331232985466933,3.3,0.0,0.0,0.0,0.0,0.0,0.0,0.0,0.0,0.8,0.08625,2.0,16.0,80.0,78.0,4.0,0.05,0.975,32675.683544303796,89957.10136849328,66.0,0.05,0.0,0
7242702,0.008,0.2,0.03919183588453085,0.2,0.2329032258064516,1.0,0.3998980098903419,5.82258064516129,0.032,0.8,0.1567673435381234,0.8,0.0,0.0,0.0,0.0,0.0,0.0,0.0,0.0,0.0,0.0,0.0,0.0,0.0,0.0,0.0,0.0,0.0,0.0,0.0,0.0,0.08,0.4,0.16,2.0,0.0,0.0,0.0,0.0,0.15599999999999997,0.6,0.20991426821443082,3.8999999999999995,0.0,0.0,0.0,0.0,1.0,0.3889032258064516,6.0,9.0,25.0,23.0,2.0,0.08,0.92,79747.0,129167.58972745447,34.0,0.08,0.0,1
7246658,0.00625,0.2,0.03479852726768764,0.2,0.2359775641025641,1.0,0.39547774663448104,7.551282051282051,0.028125,0.9,0.15659337270459436,0.9,0.0,0.0,0.0,0.0,0.0,0.0,0.0,0.0,0.0,0.0,0.0,0.0,0.0,0.0,0.0,0.0,0.0,0.0,0.0,0.0,0.0,0.0,0.0,0.0,0.0,0.0,0.0,0.0,0.0,0.0,0.0,0.0,0.0,0.0,0.0,0.0,1.0,0.24222756410256407,7.0,2.0,32.0,23.0,16.0,0.5,0.71875,13068.322580645161,22042.116328032625,106.0,0.5,0.0,0
7271778,0.0,0.0,0.0,0.0,1.0,1.0,0.0,1.0,0.0,0.0,0.0,0.0,0.0,0.0,0.0,0.0,0.0,0.0,0.0,0.0,0.0,0.0,0.0,0.0,0.0,0.0,0.0,0.0,0.0,0.0,0.0,0.0,0.4,0.4,0.0,0.4,0.0,0.0,0.0,0.0,0.0,0.0,0.0,0.0,0.0,0.0,0.0,0.0,1.0,1.0,1.0,0.0,1.0,1.0,0.0,0.0,1.0,0.0,0.0,0.0,0.0,0.0,1
7288430,0.0,0.0,0.0,0.0,0.0,0.0,0.0,0.0,0.0,0.0,0.0,0.0,0.0,0.0,0.0,0.0,0.0,0.0,0.0,0.0,0.0,0.0,0.0,0.0,0.0,0.0,0.0,0.0,0.0,0.0,0.0,0.0,0.0,0.0,0.0,0.0,0.0,0.0,0.0,0.0,0.0,0.0,0.0,0.0,0.0,0.0,0.0,0.0,0.0,0.0,0.0,0.0,1.0,1.0,0.0,0.0,1.0,0.0,0.0,0.0,0.0,0.0,0
7303057,1.0,1.0,0.0,1.0,0.0,0.0,0.0,0.0,0.0,0.0,0.0,0.0,0.0,0.0,0.0,0.0,0.0,0.0,0.0,0.0,0.0,0.0,0.0,0.0,0.0,0.0,0.0,0.0,0.0,0.0,0.0,0.0,0.0,0.0,0.0,0.0,0.3,0.3,0.0,0.3,0.0,0.0,0.0,0.0,0.0,0.0,0.0,0.0,1.0,1.0,1.0,0.0,1.0,1.0,0.0,0.0,1.0,0.0,0.0,0.0,0.0,0.0,0
7304503,0.0,0.0,0.0,0.0,0.05372426555632662,1.0,0.20590891682620996,7.037878787878787,0.08015267175572519,0.9,0.24162928116385746,10.5,0.0,0.0,0.0,0.0,0.0,0.0,0.0,0.0,0.0030534351145038168,0.4,0.03481451679692025,0.4,0.0,0.0,0.0,0.0,0.0,0.0,0.0,0.0,0.011450381679389313,0.4,0.06496178721036117,1.5,0.0,0.0,0.0,0.0,0.0,0.0,0.0,0.0,0.0,0.0,0.0,0.0,1.0,0.13784987277353689,19.0,5.0,131.0,96.0,2.0,0.015267175572519083,0.732824427480916,12649.13076923077,30194.51556399668,28.0,0.015267175572519083,0.0,0
7327080,0.0,0.0,0.0,0.0,0.0,0.0,0.0,0.0,0.0,0.0,0.0,0.0,0.0,0.0,0.0,0.0,0.0,0.0,0.0,0.0,0.0,0.0,0.0,0.0,0.0,0.0,0.0,0.0,0.0,0.0,0.0,0.0,0.05161290322580645,0.4,0.13409425606984854,1.6,0.01935483870967742,0.3,0.0737010300567475,0.6,0.0,0.0,0.0,0.0,0.0,0.0,0.0,0.0,0.4,0.07096774193548386,0.0,6.0,31.0,5.0,106.0,3.4193548387096775,0.16129032258064516,65815.3,177814.3575060143,77.0,3.4193548387096775,0.0,0
7350553,0.0,0.0,0.0,0.0,0.0,0.0,0.0,0.0,0.0,0.0,0.0,0.0,0.0,0.0,0.0,0.0,0.0,0.0,0.0,0.0,0.0,0.0,0.0,0.0,0.0,0.0,0.0,0.0,0.0,0.0,0.0,0.0,0.0,0.0,0.0,0.0,0.0,0.0,0.0,0.0,0.0,0.0,0.0,0.0,0.0,0.0,0.0,0.0,0.0,0.0,0.0,0.0,5.0,4.0,0.0,0.0,0.8,107100.25,134350.49275937732,8941.0,0.0,0.0,0
7358073,0.0,0.0,0.0,0.0,0.14039408866995073,1.0,0.3251604695706256,4.071428571428571,0.055172413793103454,0.8,0.20271639250619408,1.6,0.0,0.0,0.0,0.0,0.0,0.0,0.0,0.0,0.0,0.0,0.0,0.0,0.0,0.0,0.0,0.0,0.0,0.0,0.0,0.0,0.055172413793103454,0.4,0.13793103448275865,1.6,0.0,0.0,0.0,0.0,0.0,0.0,0.0,0.0,0.0,0.0,0.0,0.0,1.0,0.19852216748768473,5.0,3.0,29.0,23.0,0.0,0.0,0.7931034482758621,135656.7857142857,194397.54682927407,118.0,0.0,0.0,1
7362926,0.009090909090909092,0.2,0.041659779045053094,0.2,0.0,0.0,0.0,0.0,0.0,0.0,0.0,0.0,0.0,0.0,0.0,0.0,0.0,0.0,0.0,0.0,0.0,0.0,0.0,0.0,0.0,0.0,0.0,0.0,0.0,0.0,0.0,0.0,0.0,0.0,0.0,0.0,0.0409090909090909,0.3,0.10295228775369204,0.8999999999999999,0.0,0.0,0.0,0.0,0.0,0.0,0.0,0.0,0.3,0.0409090909090909,0.0,3.0,22.0,22.0,0.0,0.0,1.0,71485.71428571429,156079.5627416756,101.0,0.0,0.0,0
7407674,0.03636363636363637,0.4,0.10679400113155212,1.6,0.12405303030303029,1.0,0.3165131999990609,5.458333333333333,0.0,0.0,0.0,0.0,0.0,0.0,0.0,0.0,0.0,0.0,0.0,0.0,0.0,0.0,0.0,0.0,0.0,0.0,0.0,0.0,0.0,0.0,0.0,0.0,0.040909090909090916,0.4,0.11544022817454812,1.8000000000000003,0.03409090909090909,0.3,0.09521072757115187,1.5,0.006818181818181818,0.3,0.04470980812024091,0.3,0.0,0.0,0.0,0.0,1.0,0.20587121212121212,6.0,9.0,44.0,34.0,58.0,1.3181818181818181,0.7727272727272727,57597.604651162794,65006.335972819914,44.0,1.3181818181818181,0.0,0
7450328,0.0,0.0,0.0,0.0,0.5355616605616605,1.0,0.4782246068541322,20.886904761904763,0.0,0.0,0.0,0.0,0.0,0.0,0.0,0.0,0.020512820512820513,0.8,0.12644951800962007,0.8,0.0,0.0,0.0,0.0,0.0,0.0,0.0,0.0,0.0,0.0,0.0,0.0,0.05128205128205128,0.4,0.13372722882466975,2.0,0.015384615384615384,0.3,0.06617173282340481,0.6,0.14615384615384613,0.6,0.22400338120863134,5.699999999999999,0.0,0.0,0.0,0.0,1.0,0.6073565323565324,22.0,7.0,39.0,35.0,0.0,0.0,0.8974358974358975,65518.78947368421,131266.02753331393,43.0,0.0,0.0,1
7452177,0.0,0.0,0.0,0.0,0.4375,1.0,0.4854658415721268,10.5,0.125,0.8,0.28025286201333727,3.0,0.020833333333333332,0.5,0.09991315673568167,0.5,0.03333333333333333,0.8,0.15986105077709065,0.8,0.0,0.0,0.0,0.0,0.0,0.0,0.0,0.0,0.0,0.0,0.0,0.0,0.05000000000000001,0.4,0.13228756555322954,1.2000000000000002,0.024999999999999998,0.3,0.08291561975888499,0.6,0.075,0.6,0.17853571071357124,1.7999999999999998,0.0,0.0,0.0,0.0,1.0,0.6208333333333333,13.0,6.0,24.0,23.0,1.0,0.041666666666666664,0.9583333333333334,97600.52173913043,198135.09319892118,48.0,0.041666666666666664,0.0,1
7452962,0.0,0.0,0.0,0.0,0.0,0.0,0.0,0.0,0.0,0.0,0.0,0.0,0.0,0.0,0.0,0.0,0.0,0.0,0.0,0.0,0.028571428571428574,0.4,0.10301575072754258,0.4,0.0,0.0,0.0,0.0,0.0,0.0,0.0,0.0,0.028571428571428574,0.4,0.10301575072754258,0.4,0.02142857142857143,0.3,0.07726181304565692,0.3,0.0,0.0,0.0,0.0,0.0,0.0,0.0,0.0,0.4,0.07857142857142858,0.0,3.0,14.0,8.0,0.0,0.0,0.5714285714285714,191192.6923076923,459961.4611925296,454.0,0.0,0.0,1
7460975,0.0,0.0,0.0,0.0,0.21901709401709402,0.8333333333333333,0.33564696735908134,2.8472222222222223,0.0,0.0,0.0,0.0,0.0,0.0,0.0,0.0,0.0,0.0,0.0,0.0,0.0,0.0,0.0,0.0,0.0,0.0,0.0,0.0,0.0,0.0,0.0,0.0,0.03076923076923077,0.4,0.1065877420042386,0.4,0.0,0.0,0.0,0.0,0.23076923076923078,0.6,0.23982241950953684,3.0,0.0,0.0,0.0,0.0,0.8333333333333333,0.41132478632478625,3.0,7.0,13.0,11.0,0.0,0.0,0.8461538461538461,149475.83333333334,214037.12082908786,66.0,0.0,0.0,1
7464651,0.011111111111111112,0.2,0.04581228472908512,0.2,0.4351851851851852,1.0,0.48793748615760735,7.833333333333333,0.07222222222222222,0.7,0.20495407495218573,1.2999999999999998,0.0,0.0,0.0,0.0,0.0,0.0,0.0,0.0,0.0,0.0,0.0,0.0,0.0,0.0,0.0,0.0,0.0,0.0,0.0,0.0,0.022222222222222223,0.4,0.09162456945817024,0.4,0.016666666666666666,0.3,0.06871842709362767,0.3,0.08333333333333333,0.6,0.19507833184532702,1.5,0.0,0.0,0.0,0.0,1.0,0.5018518518518519,8.0,2.0,18.0,18.0,2.0,0.1111111111111111,1.0,127264.4705882353,299511.12778053305,234.0,0.1111111111111111,0.0,1
7488871,0.02,0.4,0.07483314773547883,0.8,0.17687728937728936,1.0,0.35243798883765187,7.075091575091575,0.11499999999999999,0.9,0.2770830200499482,4.6,0.0,0.0,0.0,0.0,0.0,0.0,0.0,0.0,0.0,0.0,0.0,0.0,0.0,0.0,0.0,0.0,0.0,0.0,0.0,0.0,0.02,0.4,0.08717797887081348,0.8,0.0,0.0,0.0,0.0,0.0375,0.3,0.09921567416492214,1.5,0.0,0.0,0.0,0.0,1.0,0.31187728937728937,9.0,11.0,40.0,37.0,5.0,0.125,0.925,57807.97435897436,50100.402259753224,63.0,0.125,0.0,0
7491958,0.0,0.0,0.0,0.0,0.0,0.0,0.0,0.0,0.0,0.0,0.0,0.0,0.0,0.0,0.0,0.0,0.0,0.0,0.0,0.0,0.0,0.0,0.0,0.0,0.0,0.0,0.0,0.0,0.0,0.0,0.0,0.0,0.3,0.3,0.0,0.3,0.0,0.0,0.0,0.0,0.0,0.0,0.0,0.0,0.0,0.0,0.0,0.0,0.3,0.3,0.0,1.0,1.0,1.0,0.0,0.0,1.0,0.0,0.0,0.0,0.0,0.0,0
7533667,0.0,0.0,0.0,0.0,0.0,0.0,0.0,0.0,0.0,0.0,0.0,0.0,0.0,0.0,0.0,0.0,0.0,0.0,0.0,0.0,0.03636363636363637,0.4,0.11499191491521378,0.4,0.0,0.0,0.0,0.0,0.0,0.0,0.0,0.0,0.0,0.0,0.0,0.0,0.02727272727272727,0.3,0.08624393618641034,0.3,0.0,0.0,0.0,0.0,0.0,0.0,0.0,0.0,0.4,0.06363636363636363,0.0,2.0,11.0,11.0,4.0,0.36363636363636365,1.0,172482.9,202231.01872682635,144.0,0.36363636363636365,0.0,0
7537420,0.0,0.0,0.0,0.0,0.0,0.0,0.0,0.0,0.0,0.0,0.0,0.0,0.0,0.0,0.0,0.0,0.0,0.0,0.0,0.0,0.017391304347826087,0.4,0.0815724479969292,0.4,0.0,0.0,0.0,0.0,0.0,0.0,0.0,0.0,0.05217391304347827,0.4,0.13471246421591015,1.2000000000000002,0.013043478260869565,0.3,0.06117933599769691,0.3,0.0,0.0,0.0,0.0,0.0,0.0,0.0,0.0,0.4,0.08260869565217391,0.0,5.0,23.0,8.0,0.0,0.0,0.34782608695652173,98504.04545454546,224436.57425357337,17.0,0.0,0.0,1
7540686,0.0,0.0,0.0,0.0,0.0,0.0,0.0,0.0,0.0,0.0,0.0,0.0,0.0,0.0,0.0,0.0,0.0,0.0,0.0,0.0,0.0,0.0,0.0,0.0,0.0,0.0,0.0,0.0,0.0,0.0,0.0,0.0,0.0,0.0,0.0,0.0,0.02142857142857143,0.3,0.07726181304565692,0.3,0.0,0.0,0.0,0.0,0.0,0.0,0.0,0.0,0.3,0.02142857142857143,0.0,1.0,14.0,12.0,1.0,0.07142857142857142,0.8571428571428571,65403.53846153846,137948.02596664685,176.0,0.07142857142857142,0.0,0
7546849,0.0,0.0,0.0,0.0,0.034517406265655824,0.9210526315789473,0.11951230816737593,8.629351566413956,0.0144,0.9,0.10214029567217828,3.6,0.004,0.5,0.044542114902640165,1.0,0.0,0.0,0.0,0.0,0.008,0.4,0.05600000000000001,2.0,0.0,0.0,0.0,0.0,0.0,0.0,0.0,0.0,0.1828,0.4,0.14691548590941664,45.699999999999996,0.036,0.3,0.09748846085563154,9.0,0.0,0.0,0.0,0.0,0.0,0.0,0.0,0.0,0.9210526315789473,0.2350867322028374,5.0,168.0,250.0,129.0,10.0,0.04,0.516,6880.6024096385545,14800.262654463897,73.0,0.04,0.0,0
7553151,0.0,0.0,0.0,0.0,0.5331033453272468,1.0,0.4281294671992823,123.146872770594,0.10303030303030301,0.9,0.2559075082161132,23.799999999999997,0.017316017316017316,0.5,0.09142299602572675,4.0,0.006926406926406926,0.8,0.07411579068063275,1.6,0.005194805194805196,0.4,0.045287261751071936,1.2000000000000002,0.0030303030303030303,0.7,0.04595682087303969,0.7,0.0,0.0,0.0,0.0,0.003463203463203463,0.4,0.03705789534031636,0.8,0.0025974025974025974,0.3,0.027793421505237267,0.6,0.007792207792207791,0.3,0.04771733265162036,1.7999999999999998,0.0,0.0,0.0,0.0,1.0,0.5669846712436476,122.0,37.0,231.0,157.0,6.0,0.025974025974025976,0.6796536796536796,10972.98695652174,22567.993334439554,52.0,0.025974025974025976,0.0,0
7558875,0.0,0.0,0.0,0.0,0.7494048755147384,1.0,0.3484156931591957,44.96429253088431,0.25833333333333336,0.8,0.3436527640252908,15.5,0.016666666666666666,0.5,0.08975274678557506,1.0,0.0,0.0,0.0,0.0,0.013333333333333334,0.4,0.07180219742846006,0.8,0.0,0.0,0.0,0.0,0.0,0.0,0.0,0.0,0.045,0.3,0.10712142642814276,2.6999999999999997,0.02,0.3,0.07483314773547882,1.2,0.005,0.3,0.03840572873934304,0.3,0.0,0.0,0.0,0.0,1.0,0.7903568955685891,45.0,10.0,60.0,58.0,7.0,0.11666666666666667,0.9666666666666667,43491.813559322036,59463.30892822946,67.0,0.11666666666666667,0.0,0
7560349,0.0,0.0,0.0,0.0,0.0,0.0,0.0,0.0,0.0,0.0,0.0,0.0,0.0,0.0,0.0,0.0,0.0,0.0,0.0,0.0,0.0,0.0,0.0,0.0,0.0,0.0,0.0,0.0,0.0,0.0,0.0,0.0,0.024,0.3,0.0813879597975032,0.6,0.036,0.3,0.09748846085563154,0.8999999999999999,0.012,0.3,0.05878775382679627,0.3,0.0,0.0,0.0,0.0,0.3,0.036,0.0,3.0,25.0,9.0,2.0,0.08,0.36,61233.083333333336,103811.72366754338,262.0,0.08,0.0,0
7564714,0.0,0.0,0.0,0.0,0.1555533609455178,1.0,0.31024959783369405,8.399881491057961,0.0,0.0,0.0,0.0,0.0,0.0,0.0,0.0,0.0,0.0,0.0,0.0,0.0,0.0,0.0,0.0,0.0,0.0,0.0,0.0,0.0,0.0,0.0,0.0,0.0,0.0,0.0,0.0,0.0,0.0,0.0,0.0,0.0,0.0,0.0,0.0,0.0,0.0,0.0,0.0,1.0,0.1555533609455178,8.0,3.0,54.0,39.0,4.0,0.07407407407407407,0.7222222222222222,46281.83018867925,50476.36354405437,18.0,0.07407407407407407,0.0,1
7567936,0.0,0.0,0.0,0.0,0.0,0.0,0.0,0.0,0.0,0.0,0.0,0.0,0.0,0.0,0.0,0.0,0.0,0.0,0.0,0.0,0.0,0.0,0.0,0.0,0.0,0.0,0.0,0.0,0.0,0.0,0.0,0.0,0.0,0.0,0.0,0.0,0.0,0.0,0.0,0.0,0.0,0.0,0.0,0.0,0.0,0.0,0.0,0.0,0.0,0.0,0.0,0.0,3.0,3.0,0.0,0.0,1.0,838700.5,837359.5,1341.0,0.0,0.0,1
7568068,0.0,0.0,0.0,0.0,0.0,0.0,0.0,0.0,0.0,0.0,0.0,0.0,0.0,0.0,0.0,0.0,0.0,0.0,0.0,0.0,0.0,0.0,0.0,0.0,0.0,0.0,0.0,0.0,0.0,0.0,0.0,0.0,0.0,0.0,0.0,0.0,0.0,0.0,0.0,0.0,0.0,0.0,0.0,0.0,0.0,0.0,0.0,0.0,0.0,0.0,0.0,0.0,3.0,2.0,0.0,0.0,0.6666666666666666,254662.5,254612.5,50.0,0.0,0.0,1
7569399,0.0,0.0,0.0,0.0,0.0,0.0,0.0,0.0,0.0,0.0,0.0,0.0,0.0,0.0,0.0,0.0,0.0,0.0,0.0,0.0,0.0,0.0,0.0,0.0,0.0,0.0,0.0,0.0,0.0,0.0,0.0,0.0,0.05714285714285715,0.4,0.13997084244475305,0.4,0.08571428571428572,0.3,0.13552618543578768,0.6,0.0,0.0,0.0,0.0,0.0,0.0,0.0,0.0,0.4,0.09999999999999999,0.0,2.0,7.0,4.0,0.0,0.0,0.5714285714285714,9649.5,12896.987616623246,143.0,0.0,0.0,1
7581887,0.0,0.0,0.0,0.0,0.0,0.0,0.0,0.0,0.0,0.0,0.0,0.0,0.0,0.0,0.0,0.0,0.0,0.0,0.0,0.0,0.0,0.0,0.0,0.0,0.0,0.0,0.0,0.0,0.0,0.0,0.0,0.0,0.0,0.0,0.0,0.0,0.0,0.0,0.0,0.0,0.0,0.0,0.0,0.0,0.0,0.0,0.0,0.0,0.0,0.0,0.0,0.0,1.0,1.0,0.0,0.0,1.0,0.0,0.0,0.0,0.0,0.0,0
7590752,0.0,0.0,0.0,0.0,0.0,0.0,0.0,0.0,0.0,0.0,0.0,0.0,0.0,0.0,0.0,0.0,0.0,0.0,0.0,0.0,0.0,0.0,0.0,0.0,0.0,0.0,0.0,0.0,0.0,0.0,0.0,0.0,0.0,0.0,0.0,0.0,0.0,0.0,0.0,0.0,0.0,0.0,0.0,0.0,0.0,0.0,0.0,0.0,0.0,0.0,0.0,0.0,1.0,1.0,0.0,0.0,1.0,0.0,0.0,0.0,0.0,0.0,0
7596661,0.0,0.0,0.0,0.0,0.0,0.0,0.0,0.0,0.0,0.0,0.0,0.0,0.0,0.0,0.0,0.0,0.26666666666666666,0.8,0.3771236166328254,0.8,0.0,0.0,0.0,0.0,0.0,0.0,0.0,0.0,0.0,0.0,0.0,0.0,0.0,0.0,0.0,0.0,0.0,0.0,0.0,0.0,0.0,0.0,0.0,0.0,0.0,0.0,0.0,0.0,0.8,0.26666666666666666,1.0,0.0,3.0,2.0,0.0,0.0,0.6666666666666666,738041.5,735319.5,2722.0,0.0,0.0,1
7596954,0.0,0.0,0.0,0.0,0.0,0.0,0.0,0.0,0.0,0.0,0.0,0.0,0.0,0.0,0.0,0.0,0.0,0.0,0.0,0.0,0.0,0.0,0.0,0.0,0.0,0.0,0.0,0.0,0.0,0.0,0.0,0.0,0.0,0.0,0.0,0.0,0.0,0.0,0.0,0.0,0.0,0.0,0.0,0.0,0.0,0.0,0.0,0.0,0.0,0.0,0.0,0.0,4.0,2.0,0.0,0.0,0.5,84795.0,118065.94483027977,526.0,0.0,0.0,1
7605943,0.0,0.0,0.0,0.0,0.5494430625464435,1.0,0.41636671162207667,67.0320536306661,0.08278688524590164,0.9,0.22422640159505197,10.1,0.01639344262295082,0.5,0.08903918435410015,2.0,0.0,0.0,0.0,0.0,0.003278688524590164,0.4,0.03606557377049181,0.4,0.0,0.0,0.0,0.0,0.0,0.0,0.0,0.0,0.019672131147540985,0.4,0.08649774398867487,2.4000000000000004,0.03934426229508196,0.3,0.10126849319003606,4.799999999999999,0.0024590163934426227,0.3,0.027049180327868846,0.3,0.0,0.0,0.0,0.0,1.0,0.5814579207908099,64.0,26.0,122.0,76.0,3.0,0.02459016393442623,0.6229508196721312,31381.752066115703,136999.42671299976,32.0,0.02459016393442623,0.0,0
7607632,0.0,0.0,0.0,0.0,0.05966553287981859,1.0,0.22032676848343039,8.353174603174603,0.06642857142857142,0.9,0.20860444944087508,9.299999999999999,0.0,0.0,0.0,0.0,0.0,0.0,0.0,0.0,0.002857142857142857,0.4,0.033685217493004564,0.4,0.0,0.0,0.0,0.0,0.0,0.0,0.0,0.0,0.05428571428571429,0.4,0.1369939667969926,7.6000000000000005,0.002142857142857143,0.3,0.025263913119753414,0.3,0.012857142857142855,0.6,0.07055176128494713,1.7999999999999998,0.0,0.0,0.0,0.0,1.0,0.17752267573696143,21.0,21.0,140.0,138.0,26.0,0.18571428571428572,0.9857142857142858,18299.043165467625,29531.00640696501,1.0,0.18571428571428572,0.0,0
7620528,0.0,0.0,0.0,0.0,0.3536911626534268,1.0,0.45575234669374537,13.086573018176793,0.10540540540540541,0.8,0.26706203950347296,3.9000000000000004,0.013513513513513514,0.5,0.08108108108108109,0.5,0.0,0.0,0.0,0.0,0.010810810810810811,0.4,0.06486486486486487,0.4,0.0,0.0,0.0,0.0,0.0,0.0,0.0,0.0,0.024324324324324322,0.3,0.08188787787861146,0.8999999999999999,0.024324324324324322,0.3,0.08188787787861146,0.8999999999999999,0.008108108108108109,0.3,0.04864864864864866,0.3,0.0,0.0,0.0,0.0,1.0,0.406981981981982,16.0,1.0,37.0,16.0,4.0,0.10810810810810811,0.43243243243243246,45406.77777777778,85051.20868894586,6.0,0.10810810810810811,0.0,1
7624472,0.0006802721088435375,0.2,0.011644382835798427,0.2,0.2782987075049724,1.0,0.4102502633338168,81.81982000646188,0.02346938775510204,0.9,0.13411414095607915,6.9,0.011904761904761904,0.5,0.07622766949324819,3.5,0.0108843537414966,0.8,0.09267693260368111,3.2,0.001360544217687075,0.4,0.023288765671596854,0.4,0.0023809523809523807,0.7,0.040755339925294495,0.7,0.0,0.0,0.0,0.0,0.0163265306122449,0.4,0.07914579359047068,4.800000000000001,0.008163265306122448,0.3,0.04880922752286285,2.4,0.0071428571428571435,0.6,0.05758755534498963,2.1,0.0,0.0,0.0,0.0,1.0,0.32290149700572107,85.0,40.0,294.0,283.0,14.0,0.047619047619047616,0.9625850340136054,14753.651877133107,102758.35079683947,48.0,0.047619047619047616,0.0,0
7624900,0.0,0.0,0.0,0.0,0.04829449510300574,1.0,0.19070001053511368,2.2698412698412698,0.014893617021276595,0.7,0.10101342528058913,0.7,0.0,0.0,0.0,0.0,0.0,0.0,0.0,0.0,0.0,0.0,0.0,0.0,0.0,0.0,0.0,0.0,0.0,0.0,0.0,0.0,0.00851063829787234,0.4,0.057721957303193766,0.4,0.019148936170212762,0.3,0.07333484229623015,0.8999999999999999,0.006382978723404255,0.3,0.04329146797739532,0.3,0.0,0.0,0.0,0.0,1.0,0.08233704829449509,2.0,6.0,47.0,36.0,4.0,0.0851063829787234,0.7659574468085106,52297.913043478264,76381.69906600553,23.0,0.0851063829787234,0.0,0
7626021,0.0,0.0,0.0,0.0,0.31877322467905256,1.0,0.362356970521569,11.475836088445892,0.022222222222222223,0.8,0.1314684396244359,0.8,0.0,0.0,0.0,0.0,0.0,0.0,0.0,0.0,0.0,0.0,0.0,0.0,0.0,0.0,0.0,0.0,0.0,0.0,0.0,0.0,0.0,0.0,0.0,0.0,0.06666666666666667,0.3,0.12472191289246473,2.4,0.0,0.0,0.0,0.0,0.0,0.0,0.0,0.0,1.0,0.36454617153895597,11.0,10.0,36.0,28.0,24.0,0.6666666666666666,0.7777777777777778,12681.028571428571,18320.531129989053,90.0,0.6666666666666666,0.0,1
7627333,0.0,0.0,0.0,0.0,0.0,0.0,0.0,0.0,0.0,0.0,0.0,0.0,0.0,0.0,0.0,0.0,0.0,0.0,0.0,0.0,0.01,0.4,0.06244997998398398,0.4,0.0,0.0,0.0,0.0,0.0,0.0,0.0,0.0,0.017499999999999998,0.4,0.07709571972554637,0.7,0.015,0.3,0.0653834841531101,0.6,0.0075,0.3,0.046837484987987975,0.3,0.0,0.0,0.0,0.0,0.4,0.049999999999999996,0.0,6.0,40.0,38.0,0.0,0.0,0.95,61712.46153846154,89943.7469643783,44.0,0.0,0.0,0
7635007,0.0,0.0,0.0,0.0,0.0,0.0,0.0,0.0,0.0,0.0,0.0,0.0,0.0,0.0,0.0,0.0,0.0,0.0,0.0,0.0,0.0,0.0,0.0,0.0,0.0,0.0,0.0,0.0,0.0,0.0,0.0,0.0,0.0,0.0,0.0,0.0,0.15,0.3,0.15,0.3,0.0,0.0,0.0,0.0,0.0,0.0,0.0,0.0,0.3,0.15,0.0,1.0,2.0,2.0,0.0,0.0,1.0,136.0,0.0,136.0,0.0,0.0,1
7635412,0.0,0.0,0.0,0.0,0.0,0.0,0.0,0.0,0.0,0.0,0.0,0.0,0.0,0.0,0.0,0.0,0.0,0.0,0.0,0.0,0.0,0.0,0.0,0.0,0.0,0.0,0.0,0.0,0.0,0.0,0.0,0.0,0.0,0.0,0.0,0.0,0.15,0.3,0.15,0.3,0.0,0.0,0.0,0.0,0.0,0.0,0.0,0.0,0.3,0.15,0.0,1.0,2.0,2.0,0.0,0.0,1.0,46.0,0.0,46.0,0.0,0.0,0
7635581,0.0,0.0,0.0,0.0,0.0,0.0,0.0,0.0,0.0,0.0,0.0,0.0,0.0,0.0,0.0,0.0,0.0,0.0,0.0,0.0,0.0,0.0,0.0,0.0,0.0,0.0,0.0,0.0,0.0,0.0,0.0,0.0,0.028571428571428574,0.4,0.10301575072754256,0.8,0.02142857142857143,0.3,0.07726181304565692,0.6,0.010714285714285714,0.3,0.055673061671856754,0.3,0.0,0.0,0.0,0.0,0.4,0.06071428571428572,0.0,5.0,28.0,25.0,0.0,0.0,0.8928571428571429,67719.0,126586.91102397827,155.0,0.0,0.0,0
7635689,0.0,0.0,0.0,0.0,0.0,0.0,0.0,0.0,0.0,0.0,0.0,0.0,0.0,0.0,0.0,0.0,0.0,0.0,0.0,0.0,0.0,0.0,0.0,0.0,0.0,0.0,0.0,0.0,0.0,0.0,0.0,0.0,0.042105263157894736,0.4,0.12275688199674317,0.8,0.0,0.0,0.0,0.0,0.0,0.0,0.0,0.0,0.0,0.0,0.0,0.0,0.4,0.042105263157894736,0.0,2.0,19.0,17.0,0.0,0.0,0.8947368421052632,18387.777777777777,40020.35837136943,58.0,0.0,0.0,0
7636244,0.0,0.0,0.0,0.0,0.0,0.0,0.0,0.0,0.0,0.0,0.0,0.0,0.0,0.0,0.0,0.0,0.0,0.0,0.0,0.0,0.0,0.0,0.0,0.0,0.0,0.0,0.0,0.0,0.0,0.0,0.0,0.0,0.2,0.4,0.2,0.4,0.0,0.0,0.0,0.0,0.0,0.0,0.0,0.0,0.0,0.0,0.0,0.0,0.4,0.2,0.0,1.0,2.0,2.0,0.0,0.0,1.0,824.0,0.0,824.0,0.0,0.0,1
7636498,0.0,0.0,0.0,0.0,0.0,0.0,0.0,0.0,0.0,0.0,0.0,0.0,0.0,0.0,0.0,0.0,0.0,0.0,0.0,0.0,0.0,0.0,0.0,0.0,0.0,0.0,0.0,0.0,0.0,0.0,0.0,0.0,0.0,0.0,0.0,0.0,0.0,0.0,0.0,0.0,0.0,0.0,0.0,0.0,0.0,0.0,0.0,0.0,0.0,0.0,0.0,0.0,3.0,3.0,0.0,0.0,1.0,155.0,74.0,81.0,0.0,0.0,1
7637812,0.0,0.0,0.0,0.0,0.0,0.0,0.0,0.0,0.0,0.0,0.0,0.0,0.0,0.0,0.0,0.0,0.0,0.0,0.0,0.0,0.0,0.0,0.0,0.0,0.0,0.0,0.0,0.0,0.0,0.0,0.0,0.0,0.0,0.0,0.0,0.0,0.0,0.0,0.0,0.0,0.0,0.0,0.0,0.0,0.0,0.0,0.0,0.0,0.0,0.0,0.0,0.0,5.0,5.0,0.0,0.0,1.0,117.75,69.33388421255512,22.0,0.0,0.0,1
7637827,0.0,0.0,0.0,0.0,0.0,0.0,0.0,0.0,0.0,0.0,0.0,0.0,0.0,0.0,0.0,0.0,0.0,0.0,0.0,0.0,0.0,0.0,0.0,0.0,0.0,0.0,0.0,0.0,0.0,0.0,0.0,0.0,0.0,0.0,0.0,0.0,0.0,0.0,0.0,0.0,0.0,0.0,0.0,0.0,0.0,0.0,0.0,0.0,0.0,0.0,0.0,0.0,3.0,3.0,0.0,0.0,1.0,41474.0,41439.0,35.0,0.0,0.0,1
7639406,0.0,0.0,0.0,0.0,0.0,0.0,0.0,0.0,0.0,0.0,0.0,0.0,0.0,0.0,0.0,0.0,0.0,0.0,0.0,0.0,0.0,0.0,0.0,0.0,0.0,0.0,0.0,0.0,0.0,0.0,0.0,0.0,0.0,0.0,0.0,0.0,0.0,0.0,0.0,0.0,0.0,0.0,0.0,0.0,0.0,0.0,0.0,0.0,0.0,0.0,0.0,0.0,11.0,11.0,0.0,0.0,1.0,53.1,25.292093626269853,21.0,0.0,0.0,1
7639557,0.0,0.0,0.0,0.0,0.0,0.0,0.0,0.0,0.0,0.0,0.0,0.0,0.0,0.0,0.0,0.0,0.0,0.0,0.0,0.0,0.0,0.0,0.0,0.0,0.0,0.0,0.0,0.0,0.0,0.0,0.0,0.0,0.0,0.0,0.0,0.0,0.049999999999999996,0.3,0.11180339887498948,0.3,0.0,0.0,0.0,0.0,0.0,0.0,0.0,0.0,0.3,0.049999999999999996,0.0,1.0,6.0,5.0,0.0,0.0,0.8333333333333334,43474.8,54230.70941228779,1263.0,0.0,0.0,0
7641659,0.0,0.0,0.0,0.0,0.34824878557394195,1.0,0.43658911724640115,48.05833240920399,0.05217391304347826,0.8,0.17905443723455655,7.199999999999999,0.016666666666666666,0.8,0.09896810592477845,2.3,0.0,0.0,0.0,0.0,0.002898550724637681,0.4,0.03392666640788297,0.4,0.005072463768115942,0.7,0.059371666213795186,0.7,0.0,0.0,0.0,0.0,0.006521739130434782,0.3,0.04374915608151762,0.8999999999999999,0.006521739130434782,0.3,0.04374915608151763,0.8999999999999999,0.021739130434782608,0.6,0.09304754156101173,3.0,0.0,0.0,0.0,0.0,1.0,0.3929488204465965,52.0,15.0,138.0,86.0,10.0,0.07246376811594203,0.6231884057971014,15714.299270072992,20775.04787994692,40.0,0.07246376811594203,0.0,0
7642115,0.0,0.0,0.0,0.0,0.0,0.0,0.0,0.0,0.0,0.0,0.0,0.0,0.0,0.0,0.0,0.0,0.0,0.0,0.0,0.0,0.0,0.0,0.0,0.0,0.0,0.0,0.0,0.0,0.0,0.0,0.0,0.0,0.0,0.0,0.0,0.0,0.0,0.0,0.0,0.0,0.0,0.0,0.0,0.0,0.0,0.0,0.0,0.0,0.0,0.0,0.0,0.0,2.0,2.0,0.0,0.0,1.0,27.0,0.0,27.0,0.0,0.0,1
7642226,0.0,0.0,0.0,0.0,0.20881090709978384,0.9090909090909092,0.2923613767731371,3.3409745135965414,0.04375,0.7,0.1694430213965745,0.7,0.0,0.0,0.0,0.0,0.0,0.0,0.0,0.0,0.0,0.0,0.0,0.0,0.0,0.0,0.0,0.0,0.0,0.0,0.0,0.0,0.0,0.0,0.0,0.0,0.0,0.0,0.0,0.0,0.0,0.0,0.0,0.0,0.0,0.0,0.0,0.0,0.9090909090909092,0.23954007376645048,3.0,2.0,16.0,9.0,2.0,0.125,0.5625,8891.733333333334,16456.173635717656,73.0,0.125,0.0,1
7642588,0.0,0.0,0.0,0.0,0.0,0.0,0.0,0.0,0.0,0.0,0.0,0.0,0.0,0.0,0.0,0.0,0.0,0.0,0.0,0.0,0.0,0.0,0.0,0.0,0.0,0.0,0.0,0.0,0.0,0.0,0.0,0.0,0.0,0.0,0.0,0.0,0.0,0.0,0.0,0.0,0.0,0.0,0.0,0.0,0.0,0.0,0.0,0.0,0.0,0.0,0.0,0.0,4.0,2.0,0.0,0.0,0.5,349254.0,490319.94945001643,25.0,0.0,0.0,0
7643288,0.0,0.0,0.0,0.0,0.0,0.0,0.0,0.0,0.0,0.0,0.0,0.0,0.0,0.0,0.0,0.0,0.0,0.0,0.0,0.0,0.0,0.0,0.0,0.0,0.0,0.0,0.0,0.0,0.0,0.0,0.0,0.0,0.0,0.0,0.0,0.0,0.0,0.0,0.0,0.0,0.0,0.0,0.0,0.0,0.0,0.0,0.0,0.0,0.0,0.0,0.0,0.0,7.0,7.0,0.0,0.0,1.0,89.5,55.03256611619463,36.0,0.0,0.0,1
7644713,0.0,0.0,0.0,0.0,0.0,0.0,0.0,0.0,0.0,0.0,0.0,0.0,0.0,0.0,0.0,0.0,0.0,0.0,0.0,0.0,0.0,0.0,0.0,0.0,0.0,0.0,0.0,0.0,0.0,0.0,0.0,0.0,0.0,0.0,0.0,0.0,0.0,0.0,0.0,0.0,0.0,0.0,0.0,0.0,0.0,0.0,0.0,0.0,0.0,0.0,0.0,0.0,6.0,6.0,0.0,0.0,1.0,126.4,118.12298675533057,40.0,0.0,0.0,1
7646337,0.0,0.0,0.0,0.0,0.0,0.0,0.0,0.0,0.0,0.0,0.0,0.0,0.0,0.0,0.0,0.0,0.0,0.0,0.0,0.0,0.0,0.0,0.0,0.0,0.0,0.0,0.0,0.0,0.0,0.0,0.0,0.0,0.0,0.0,0.0,0.0,0.0,0.0,0.0,0.0,0.0,0.0,0.0,0.0,0.0,0.0,0.0,0.0,0.0,0.0,0.0,0.0,12.0,12.0,0.0,0.0,1.0,71.72727272727273,20.53861511260683,38.0,0.0,0.0,1
7646848,0.0,0.0,0.0,0.0,0.3554347826086956,1.0,0.43988085214200373,40.87499999999999,0.045217391304347834,0.8,0.17900375427730178,5.200000000000001,0.004347826086956522,0.5,0.046422079356657875,0.5,0.0,0.0,0.0,0.0,0.0,0.0,0.0,0.0,0.0,0.0,0.0,0.0,0.0,0.0,0.0,0.0,0.034782608695652174,0.4,0.11270853388535412,4.0,0.007826086956521738,0.3,0.04781818116475659,0.8999999999999999,0.023478260869565216,0.6,0.0897633940908796,2.6999999999999997,0.0,0.0,0.0,0.0,1.0,0.4319565217391304,47.0,19.0,115.0,114.0,9.0,0.0782608695652174,0.991304347826087,15364.052631578947,77716.00250686053,42.0,0.0782608695652174,0.0,0
7647671,0.0,0.0,0.0,0.0,0.0,0.0,0.0,0.0,0.0,0.0,0.0,0.0,0.0,0.0,0.0,0.0,0.0,0.0,0.0,0.0,0.0,0.0,0.0,0.0,0.0,0.0,0.0,0.0,0.0,0.0,0.0,0.0,0.0,0.0,0.0,0.0,0.0,0.0,0.0,0.0,0.0,0.0,0.0,0.0,0.0,0.0,0.0,0.0,0.0,0.0,0.0,0.0,8.0,8.0,0.0,0.0,1.0,62.142857142857146,52.06981185026934,20.0,0.0,0.0,1
7647679,0.0,0.0,0.0,0.0,0.0,0.0,0.0,0.0,0.0,0.0,0.0,0.0,0.0,0.0,0.0,0.0,0.0,0.0,0.0,0.0,0.0,0.0,0.0,0.0,0.0,0.0,0.0,0.0,0.0,0.0,0.0,0.0,0.0,0.0,0.0,0.0,0.049999999999999996,0.3,0.11180339887498948,0.3,0.0,0.0,0.0,0.0,0.0,0.0,0.0,0.0,0.3,0.049999999999999996,0.0,1.0,6.0,6.0,0.0,0.0,1.0,124.6,65.88656919281804,36.0,0.0,0.0,1
7649169,0.0,0.0,0.0,0.0,0.0,0.0,0.0,0.0,0.0,0.0,0.0,0.0,0.0,0.0,0.0,0.0,0.0,0.0,0.0,0.0,0.0,0.0,0.0,0.0,0.0,0.0,0.0,0.0,0.0,0.0,0.0,0.0,0.0,0.0,0.0,0.0,0.04285714285714286,0.3,0.10497813183356475,0.3,0.0,0.0,0.0,0.0,0.0,0.0,0.0,0.0,0.3,0.04285714285714286,0.0,1.0,7.0,7.0,0.0,0.0,1.0,112.0,61.91930232165088,34.0,0.0,0.0,1
7649173,0.0,0.0,0.0,0.0,0.0,0.0,0.0,0.0,0.0,0.0,0.0,0.0,0.0,0.0,0.0,0.0,0.0,0.0,0.0,0.0,0.0,0.0,0.0,0.0,0.0,0.0,0.0,0.0,0.0,0.0,0.0,0.0,0.0,0.0,0.0,0.0,0.0,0.0,0.0,0.0,0.0,0.0,0.0,0.0,0.0,0.0,0.0,0.0,0.0,0.0,0.0,0.0,5.0,5.0,0.0,0.0,1.0,109.5,79.04587275753238,24.0,0.0,0.0,1
7650619,0.0,0.0,0.0,0.0,0.0,0.0,0.0,0.0,0.0,0.0,0.0,0.0,0.0,0.0,0.0,0.0,0.0,0.0,0.0,0.0,0.0,0.0,0.0,0.0,0.0,0.0,0.0,0.0,0.0,0.0,0.0,0.0,0.0,0.0,0.0,0.0,0.0,0.0,0.0,0.0,0.0,0.0,0.0,0.0,0.0,0.0,0.0,0.0,0.0,0.0,0.0,0.0,6.0,6.0,0.0,0.0,1.0,80.0,72.54515834981684,16.0,0.0,0.0,1
7650628,0.0,0.0,0.0,0.0,0.0,0.0,0.0,0.0,0.0,0.0,0.0,0.0,0.0,0.0,0.0,0.0,0.0,0.0,0.0,0.0,0.0,0.0,0.0,0.0,0.0,0.0,0.0,0.0,0.0,0.0,0.0,0.0,0.0,0.0,0.0,0.0,0.0,0.0,0.0,0.0,0.0,0.0,0.0,0.0,0.0,0.0,0.0,0.0,0.0,0.0,0.0,0.0,7.0,7.0,0.0,0.0,1.0,67.0,49.86314604327863,26.0,0.0,0.0,1
7651618,0.0,0.0,0.0,0.0,0.0,0.0,0.0,0.0,0.0,0.0,0.0,0.0,0.0,0.0,0.0,0.0,0.0,0.0,0.0,0.0,0.0,0.0,0.0,0.0,0.0,0.0,0.0,0.0,0.0,0.0,0.0,0.0,0.0,0.0,0.0,0.0,0.0,0.0,0.0,0.0,0.0,0.0,0.0,0.0,0.0,0.0,0.0,0.0,0.0,0.0,0.0,0.0,2.0,1.0,0.0,0.0,0.5,423113.0,0.0,423113.0,0.0,0.0,0
7651627,0.07586206896551725,0.2,0.09704308468600199,2.2,0.0,0.0,0.0,0.0,0.0,0.0,0.0,0.0,0.0,0.0,0.0,0.0,0.0,0.0,0.0,0.0,0.0,0.0,0.0,0.0,0.0,0.0,0.0,0.0,0.0,0.0,0.0,0.0,0.027586206896551727,0.4,0.10135819625309704,0.8,0.041379310344827586,0.3,0.10344827586206895,1.2,0.0,0.0,0.0,0.0,0.0,0.0,0.0,0.0,0.4,0.12413793103448276,0.0,6.0,29.0,24.0,1.0,0.034482758620689655,0.8275862068965517,53295.607142857145,88097.84497945584,27.0,0.034482758620689655,0.0,0
7652000,0.0,0.0,0.0,0.0,0.0,0.0,0.0,0.0,0.0,0.0,0.0,0.0,0.0,0.0,0.0,0.0,0.0,0.0,0.0,0.0,0.0,0.0,0.0,0.0,0.0,0.0,0.0,0.0,0.0,0.0,0.0,0.0,0.0,0.0,0.0,0.0,0.0,0.0,0.0,0.0,0.0,0.0,0.0,0.0,0.0,0.0,0.0,0.0,0.0,0.0,0.0,0.0,6.0,6.0,0.0,0.0,1.0,98.2,69.7463977564433,22.0,0.0,0.0,1
7652011,0.0,0.0,0.0,0.0,0.0,0.0,0.0,0.0,0.0,0.0,0.0,0.0,0.0,0.0,0.0,0.0,0.0,0.0,0.0,0.0,0.0,0.0,0.0,0.0,0.0,0.0,0.0,0.0,0.0,0.0,0.0,0.0,0.044444444444444446,0.4,0.1257078722109418,0.4,0.0,0.0,0.0,0.0,0.0,0.0,0.0,0.0,0.0,0.0,0.0,0.0,0.4,0.044444444444444446,0.0,1.0,9.0,9.0,0.0,0.0,1.0,76.5,34.40930106817051,27.0,0.0,0.0,1
7652770,0.0,0.0,0.0,0.0,0.0,0.0,0.0,0.0,0.0,0.0,0.0,0.0,0.0,0.0,0.0,0.0,0.0,0.0,0.0,0.0,0.05,0.4,0.13228756555322954,0.8,0.0,0.0,0.0,0.0,0.0,0.0,0.0,0.0,0.025,0.4,0.09682458365518543,0.4,0.0,0.0,0.0,0.0,0.0,0.0,0.0,0.0,0.0,0.0,0.0,0.0,0.4,0.07500000000000001,0.0,3.0,16.0,5.0,0.0,0.0,0.3125,77033.6,164282.94814893804,34.0,0.0,0.0,1
7653148,0.0,0.0,0.0,0.0,0.0,0.0,0.0,0.0,0.0,0.0,0.0,0.0,0.0,0.0,0.0,0.0,0.0,0.0,0.0,0.0,0.0,0.0,0.0,0.0,0.0,0.0,0.0,0.0,0.0,0.0,0.0,0.0,0.0,0.0,0.0,0.0,0.0,0.0,0.0,0.0,0.0,0.0,0.0,0.0,0.0,0.0,0.0,0.0,0.0,0.0,0.0,0.0,14.0,14.0,0.0,0.0,1.0,57.46153846153846,50.419189546800666,16.0,0.0,0.0,1
7653151,0.0,0.0,0.0,0.0,0.0,0.0,0.0,0.0,0.0,0.0,0.0,0.0,0.0,0.0,0.0,0.0,0.0,0.0,0.0,0.0,0.0,0.0,0.0,0.0,0.0,0.0,0.0,0.0,0.0,0.0,0.0,0.0,0.0,0.0,0.0,0.0,0.0,0.0,0.0,0.0,0.0,0.0,0.0,0.0,0.0,0.0,0.0,0.0,0.0,0.0,0.0,0.0,5.0,5.0,0.0,0.0,1.0,88.5,61.79198977213794,32.0,0.0,0.0,1
7654624,0.0,0.0,0.0,0.0,0.0,0.0,0.0,0.0,0.0,0.0,0.0,0.0,0.0,0.0,0.0,0.0,0.0,0.0,0.0,0.0,0.0,0.0,0.0,0.0,0.0,0.0,0.0,0.0,0.0,0.0,0.0,0.0,0.13333333333333333,0.4,0.1885618083164127,0.8,0.0,0.0,0.0,0.0,0.0,0.0,0.0,0.0,0.0,0.0,0.0,0.0,0.4,0.13333333333333333,0.0,2.0,6.0,6.0,0.0,0.0,1.0,5773.2,10076.574366321127,109.0,0.0,0.0,1
7654626,0.0,0.0,0.0,0.0,0.0,0.0,0.0,0.0,0.0,0.0,0.0,0.0,0.0,0.0,0.0,0.0,0.0,0.0,0.0,0.0,0.0,0.0,0.0,0.0,0.0,0.0,0.0,0.0,0.0,0.0,0.0,0.0,0.06666666666666667,0.4,0.14907119849998599,0.4,0.0,0.0,0.0,0.0,0.0,0.0,0.0,0.0,0.0,0.0,0.0,0.0,0.4,0.06666666666666667,0.0,1.0,6.0,2.0,0.0,0.0,0.3333333333333333,11876.0,23561.509798822317,67.0,0.0,0.0,1
7654634,0.0,0.0,0.0,0.0,0.0,0.0,0.0,0.0,0.0,0.0,0.0,0.0,0.0,0.0,0.0,0.0,0.0,0.0,0.0,0.0,0.0,0.0,0.0,0.0,0.0,0.0,0.0,0.0,0.0,0.0,0.0,0.0,0.075,0.3,0.12990381056766578,0.3,0.15,0.3,0.15,0.6,0.0,0.0,0.0,0.0,0.0,0.0,0.0,0.0,0.3,0.15,0.0,2.0,4.0,2.0,0.0,0.0,0.5,632.6666666666666,686.5237715395505,119.0,0.0,0.0,1
7654652,0.0,0.0,0.0,0.0,0.0,0.0,0.0,0.0,0.0,0.0,0.0,0.0,0.0,0.0,0.0,0.0,0.0,0.0,0.0,0.0,0.0,0.0,0.0,0.0,0.0,0.0,0.0,0.0,0.0,0.0,0.0,0.0,0.0,0.0,0.0,0.0,0.0,0.0,0.0,0.0,0.0,0.0,0.0,0.0,0.0,0.0,0.0,0.0,0.0,0.0,0.0,0.0,2.0,2.0,0.0,0.0,1.0,169890.0,0.0,169890.0,0.0,0.0,1
7654659,0.0,0.0,0.0,0.0,0.0,0.0,0.0,0.0,0.0,0.0,0.0,0.0,0.0,0.0,0.0,0.0,0.0,0.0,0.0,0.0,0.0,0.0,0.0,0.0,0.0,0.0,0.0,0.0,0.0,0.0,0.0,0.0,0.0,0.0,0.0,0.0,0.0,0.0,0.0,0.0,0.0,0.0,0.0,0.0,0.0,0.0,0.0,0.0,0.0,0.0,0.0,0.0,4.0,4.0,0.0,0.0,1.0,175.33333333333334,54.46915538989832,125.0,0.0,0.0,1
7655414,0.0,0.0,0.0,0.0,0.0,0.0,0.0,0.0,0.0,0.0,0.0,0.0,0.0,0.0,0.0,0.0,0.0,0.0,0.0,0.0,0.0,0.0,0.0,0.0,0.0,0.0,0.0,0.0,0.0,0.0,0.0,0.0,0.0,0.0,0.0,0.0,0.3,0.3,0.0,0.3,0.0,0.0,0.0,0.0,0.0,0.0,0.0,0.0,0.3,0.3,0.0,1.0,1.0,1.0,0.0,0.0,1.0,0.0,0.0,0.0,0.0,0.0,1
7655418,0.0,0.0,0.0,0.0,0.0,0.0,0.0,0.0,0.0,0.0,0.0,0.0,0.0,0.0,0.0,0.0,0.0,0.0,0.0,0.0,0.0,0.0,0.0,0.0,0.0,0.0,0.0,0.0,0.0,0.0,0.0,0.0,0.0,0.0,0.0,0.0,0.06,0.3,0.12000000000000001,0.3,0.06,0.3,0.12,0.3,0.0,0.0,0.0,0.0,0.3,0.12,0.0,2.0,5.0,5.0,0.0,0.0,1.0,2152.75,2744.711038980242,157.0,0.0,0.0,1
7655422,0.0,0.0,0.0,0.0,0.014245014245014244,0.1282051282051282,0.040290984682994156,0.1282051282051282,0.0,0.0,0.0,0.0,0.0,0.0,0.0,0.0,0.0,0.0,0.0,0.0,0.0,0.0,0.0,0.0,0.0,0.0,0.0,0.0,0.0,0.0,0.0,0.0,0.03333333333333333,0.3,0.09428090415820634,0.3,0.03333333333333333,0.3,0.09428090415820632,0.3,0.0,0.0,0.0,0.0,0.0,0.0,0.0,0.0,0.3,0.08091168091168091,0.0,2.0,9.0,9.0,0.0,0.0,1.0,11512.5,29869.439465781743,63.0,0.0,0.0,1
7655423,0.0,0.0,0.0,0.0,0.0,0.0,0.0,0.0,0.0,0.0,0.0,0.0,0.0,0.0,0.0,0.0,0.0,0.0,0.0,0.0,0.0,0.0,0.0,0.0,0.0,0.0,0.0,0.0,0.0,0.0,0.0,0.0,0.0,0.0,0.0,0.0,0.04615384615384615,0.3,0.10824036368823298,0.6,0.06923076923076922,0.3,0.12639751327042295,0.8999999999999999,0.0,0.0,0.0,0.0,0.3,0.11538461538461539,0.0,5.0,13.0,10.0,0.0,0.0,0.7692307692307693,2285.3333333333335,3766.7637155639172,15.0,0.0,0.0,1
7655433,0.0,0.0,0.0,0.0,0.0,0.0,0.0,0.0,0.0,0.0,0.0,0.0,0.0,0.0,0.0,0.0,0.0,0.0,0.0,0.0,0.0,0.0,0.0,0.0,0.0,0.0,0.0,0.0,0.0,0.0,0.0,0.0,0.04,0.4,0.12,0.4,0.06,0.3,0.12,0.6,0.0,0.0,0.0,0.0,0.0,0.0,0.0,0.0,0.4,0.1,0.0,3.0,10.0,10.0,0.0,0.0,1.0,3079.777777777778,2782.0658502382234,156.0,0.0,0.0,1
7655459,0.0,0.0,0.0,0.0,0.11111111111111112,0.5555555555555556,0.22222222222222224,0.5555555555555556,0.0,0.0,0.0,0.0,0.0,0.0,0.0,0.0,0.0,0.0,0.0,0.0,0.0,0.0,0.0,0.0,0.0,0.0,0.0,0.0,0.0,0.0,0.0,0.0,0.0,0.0,0.0,0.0,0.06,0.3,0.12000000000000001,0.3,0.0,0.0,0.0,0.0,0.0,0.0,0.0,0.0,0.5555555555555556,0.17111111111111113,0.0,2.0,5.0,5.0,0.0,0.0,1.0,21779.0,34830.93950067957,546.0,0.0,0.0,1
7656148,0.0,0.0,0.0,0.0,0.0,0.0,0.0,0.0,0.0,0.0,0.0,0.0,0.0,0.0,0.0,0.0,0.0,0.0,0.0,0.0,0.0,0.0,0.0,0.0,0.0,0.0,0.0,0.0,0.0,0.0,0.0,0.0,0.0,0.0,0.0,0.0,0.0,0.0,0.0,0.0,0.0,0.0,0.0,0.0,0.0,0.0,0.0,0.0,0.0,0.0,0.0,0.0,6.0,1.0,0.0,0.0,0.16666666666666666,10568.6,15482.760162193306,92.0,0.0,0.0,0
7657704,0.0,0.0,0.0,0.0,0.0,0.0,0.0,0.0,0.0,0.0,0.0,0.0,0.0,0.0,0.0,0.0,0.0,0.0,0.0,0.0,0.0,0.0,0.0,0.0,0.0,0.0,0.0,0.0,0.0,0.0,0.0,0.0,0.0,0.0,0.0,0.0,0.0,0.0,0.0,0.0,0.0,0.0,0.0,0.0,0.0,0.0,0.0,0.0,0.0,0.0,0.0,0.0,6.0,6.0,0.0,0.0,1.0,60.0,33.9234432214656,30.0,0.0,0.0,1
7657766,0.0,0.0,0.0,0.0,0.05,1.0,0.21794494717703364,1.0,0.0,0.0,0.0,0.0,0.0,0.0,0.0,0.0,0.04,0.8,0.17435595774162696,0.8,0.0,0.0,0.0,0.0,0.0,0.0,0.0,0.0,0.0,0.0,0.0,0.0,0.12,0.4,0.18330302779823363,2.4,0.0,0.0,0.0,0.0,0.015,0.3,0.0653834841531101,0.3,0.0,0.0,0.0,0.0,1.0,0.21000000000000002,2.0,6.0,20.0,17.0,0.0,0.0,0.85,18710.315789473683,37539.08172481557,101.0,0.0,0.0,1
7659132,0.0,0.0,0.0,0.0,0.0,0.0,0.0,0.0,0.0,0.0,0.0,0.0,0.0,0.0,0.0,0.0,0.0,0.0,0.0,0.0,0.0,0.0,0.0,0.0,0.0,0.0,0.0,0.0,0.0,0.0,0.0,0.0,0.0,0.0,0.0,0.0,0.0,0.0,0.0,0.0,0.0,0.0,0.0,0.0,0.0,0.0,0.0,0.0,0.0,0.0,0.0,0.0,7.0,6.0,0.0,0.0,0.8571428571428571,182.66666666666666,167.87660812500224,33.0,0.0,0.0,1
7660588,0.0,0.0,0.0,0.0,0.0,0.0,0.0,0.0,0.0,0.0,0.0,0.0,0.0,0.0,0.0,0.0,0.0,0.0,0.0,0.0,0.0,0.0,0.0,0.0,0.0,0.0,0.0,0.0,0.0,0.0,0.0,0.0,0.0,0.0,0.0,0.0,0.0,0.0,0.0,0.0,0.0,0.0,0.0,0.0,0.0,0.0,0.0,0.0,0.0,0.0,0.0,0.0,6.0,6.0,0.0,0.0,1.0,17798.2,35286.97083287258,38.0,0.0,0.0,1
7663374,0.0,0.0,0.0,0.0,0.0,0.0,0.0,0.0,0.0,0.0,0.0,0.0,0.0,0.0,0.0,0.0,0.0,0.0,0.0,0.0,0.0,0.0,0.0,0.0,0.0,0.0,0.0,0.0,0.0,0.0,0.0,0.0,0.0,0.0,0.0,0.0,0.0,0.0,0.0,0.0,0.0,0.0,0.0,0.0,0.0,0.0,0.0,0.0,0.0,0.0,0.0,0.0,8.0,8.0,0.0,0.0,1.0,130.42857142857142,131.54017001102977,19.0,0.0,0.0,1
7664645,0.0,0.0,0.0,0.0,0.0,0.0,0.0,0.0,0.0,0.0,0.0,0.0,0.0,0.0,0.0,0.0,0.0,0.0,0.0,0.0,0.0,0.0,0.0,0.0,0.0,0.0,0.0,0.0,0.0,0.0,0.0,0.0,0.0,0.0,0.0,0.0,0.0,0.0,0.0,0.0,0.0,0.0,0.0,0.0,0.0,0.0,0.0,0.0,0.0,0.0,0.0,0.0,1.0,1.0,2.0,2.0,1.0,0.0,0.0,0.0,2.0,0.0,0
7664740,0.04000000000000001,0.6000000000000001,0.14966629547095764,0.6000000000000001,0.0,0.0,0.0,0.0,0.0,0.0,0.0,0.0,0.0,0.0,0.0,0.0,0.0,0.0,0.0,0.0,0.0,0.0,0.0,0.0,0.0,0.0,0.0,0.0,0.0,0.0,0.0,0.0,0.05333333333333334,0.4,0.1359738536958076,0.8,0.0,0.0,0.0,0.0,0.0,0.0,0.0,0.0,0.0,0.0,0.0,0.0,0.6000000000000001,0.06666666666666667,1.0,1.0,15.0,9.0,0.0,0.0,0.6,38531.57142857143,50653.83133967021,52.0,0.0,0.0,1
7664756,0.0,0.0,0.0,0.0,0.0,0.0,0.0,0.0,0.0,0.0,0.0,0.0,0.0,0.0,0.0,0.0,0.0,0.0,0.0,0.0,0.0,0.0,0.0,0.0,0.0,0.0,0.0,0.0,0.0,0.0,0.0,0.0,0.0,0.0,0.0,0.0,0.0,0.0,0.0,0.0,0.0,0.0,0.0,0.0,0.0,0.0,0.0,0.0,0.0,0.0,0.0,0.0,5.0,5.0,0.0,0.0,1.0,158.25,113.19093382422463,51.0,0.0,0.0,1
7667897,0.0,0.0,0.0,0.0,0.0,0.0,0.0,0.0,0.0,0.0,0.0,0.0,0.0,0.0,0.0,0.0,0.0,0.0,0.0,0.0,0.0,0.0,0.0,0.0,0.0,0.0,0.0,0.0,0.0,0.0,0.0,0.0,0.0,0.0,0.0,0.0,0.0,0.0,0.0,0.0,0.0,0.0,0.0,0.0,0.0,0.0,0.0,0.0,0.0,0.0,0.0,0.0,5.0,5.0,0.0,0.0,1.0,146.5,22.76510487566442,114.0,0.0,0.0,1
7668431,0.0,0.0,0.0,0.0,0.0,0.0,0.0,0.0,0.0,0.0,0.0,0.0,0.0,0.0,0.0,0.0,0.0,0.0,0.0,0.0,0.0,0.0,0.0,0.0,0.0,0.0,0.0,0.0,0.0,0.0,0.0,0.0,0.0,0.0,0.0,0.0,0.0,0.0,0.0,0.0,0.0,0.0,0.0,0.0,0.0,0.0,0.0,0.0,0.0,0.0,0.0,0.0,3.0,3.0,0.0,0.0,1.0,461364.5,461247.5,117.0,0.0,0.0,1
7669432,0.0,0.0,0.0,0.0,0.0,0.0,0.0,0.0,0.0,0.0,0.0,0.0,0.0,0.0,0.0,0.0,0.0,0.0,0.0,0.0,0.0,0.0,0.0,0.0,0.0,0.0,0.0,0.0,0.0,0.0,0.0,0.0,0.04,0.4,0.12,0.4,0.0,0.0,0.0,0.0,0.0,0.0,0.0,0.0,0.0,0.0,0.0,0.0,0.4,0.04,0.0,1.0,10.0,10.0,0.0,0.0,1.0,70.66666666666667,42.18214472182908,27.0,0.0,0.0,1
7670865,0.0,0.0,0.0,0.0,0.0,0.0,0.0,0.0,0.0,0.0,0.0,0.0,0.0,0.0,0.0,0.0,0.0,0.0,0.0,0.0,0.0,0.0,0.0,0.0,0.0,0.0,0.0,0.0,0.0,0.0,0.0,0.0,0.0,0.0,0.0,0.0,0.0,0.0,0.0,0.0,0.0,0.0,0.0,0.0,0.0,0.0,0.0,0.0,0.0,0.0,0.0,0.0,5.0,5.0,0.0,0.0,1.0,253.0,155.40752877515297,45.0,0.0,0.0,1
7672236,0.0,0.0,0.0,0.0,0.0,0.0,0.0,0.0,0.0,0.0,0.0,0.0,0.0,0.0,0.0,0.0,0.0,0.0,0.0,0.0,0.0,0.0,0.0,0.0,0.0,0.0,0.0,0.0,0.0,0.0,0.0,0.0,0.0,0.0,0.0,0.0,0.0,0.0,0.0,0.0,0.0,0.0,0.0,0.0,0.0,0.0,0.0,0.0,0.0,0.0,0.0,0.0,3.0,3.0,0.0,0.0,1.0,308.5,238.5,70.0,0.0,0.0,1
7681572,0.0,0.0,0.0,0.0,0.0,0.0,0.0,0.0,0.0,0.0,0.0,0.0,0.0,0.0,0.0,0.0,0.0,0.0,0.0,0.0,0.0,0.0,0.0,0.0,0.0,0.0,0.0,0.0,0.0,0.0,0.0,0.0,0.0,0.0,0.0,0.0,0.0,0.0,0.0,0.0,0.0,0.0,0.0,0.0,0.0,0.0,0.0,0.0,0.0,0.0,0.0,0.0,2.0,2.0,0.0,0.0,1.0,175.0,0.0,175.0,0.0,0.0,1
