user_id,label,emoji_mean,emoji_max,emoji_std,emoji_sum,length_mean,length_max,length_std,length_sum,repetition_mean,repetition_max,repetition_std,repetition_sum,punctuation_mean,punctuation_max,punctuation_std,punctuation_sum,caps_mean,caps_max,caps_std,caps_sum,n_comments,total_chars,particles_count,pronouns_count,verbs_count,total_markers,particles_per_comment,pronouns_per_comment,verbs_per_comment,markers_per_comment,markers_per_1k_chars,has_any_marker
781291,0,0.0,0.0,0.0,0.0,0.175,0.4,0.1785357107135712,0.7,0.0,0.0,0.0,0.0,0.0,0.0,0.0,0.0,0.0,0.0,0.0,0.0,4,1885,6,0,0,6,1.5,0.0,0.0,1.5,3.183023872679045,1
955704,0,0.0,0.0,0.0,0.0,0.0,0.0,0.0,0.0,0.0,0.0,0.0,0.0,0.0,0.0,0.0,0.0,0.0,0.0,0.0,0.0,1,142,0,0,0,0,0.0,0.0,0.0,0.0,0.0,0
1636867,0,0.0,0.0,0.0,0.0,0.0,0.0,0.0,0.0,0.0,0.0,0.0,0.0,0.0,0.0,0.0,0.0,0.0,0.0,0.0,0.0,1,207,4,0,0,4,4.0,0.0,0.0,4.0,19.32367149758454,1
1698361,0,0.0,0.0,0.0,0.0,0.0,0.0,0.0,0.0,0.0,0.0,0.0,0.0,0.0,0.0,0.0,0.0,0.0,0.0,0.0,0.0,4,318,5,1,0,6,1.25,0.25,0.0,1.5,18.867924528301884,1
2066757,0,0.0,0.0,0.0,0.0,0.0,0.0,0.0,0.0,0.0999999999999999,0.3,0.1414213562373095,0.6,0.0,0.0,0.0,0.0,0.0,0.0,0.0,0.0,6,739,2,0,1,3,0.3333333333333333,0.0,0.16666666666666666,0.5,4.059539918809201,1
2340809,0,0.0,0.0,0.0,0.0,0.0,0.0,0.0,0.0,0.0,0.0,0.0,0.0,0.0,0.0,0.0,0.0,0.0,0.0,0.0,0.0,4,1364,8,4,0,12,2.0,1.0,0.0,3.0,8.797653958944283,1
2429479,0,0.0,0.0,0.0,0.0,0.0387096774193548,0.3,0.1005706920523864,1.2,0.0096774193548387,0.3,0.0530054087908225,0.3,0.0,0.0,0.0,0.0,0.0,0.0,0.0,0.0,31,20557,38,1,3,42,1.2258064516129032,0.03225806451612903,0.0967741935483871,1.3548387096774193,2.0430996740769567,1
3434965,0,0.0105263157894736,0.2,0.0446593756538872,0.2,0.031578947368421,0.3,0.0920676614975573,0.6,0.031578947368421,0.3,0.0920676614975573,0.6,0.0,0.0,0.0,0.0,0.0,0.0,0.0,0.0,19,8869,30,9,2,41,1.5789473684210527,0.47368421052631576,0.10526315789473684,2.1578947368421053,4.622843612583155,1
4050809,0,0.0,0.0,0.0,0.0,0.0307692307692307,0.4,0.1065877420042386,1.2000000000000002,0.023076923076923,0.3,0.0799408065031789,0.8999999999999999,0.0,0.0,0.0,0.0,0.0,0.0,0.0,0.0,39,5673,6,5,0,11,0.15384615384615385,0.1282051282051282,0.0,0.28205128205128205,1.9390093424995594,1
4257726,0,0.0,0.0,0.0,0.0,0.0210526315789473,0.3,0.076632735676637,1.2,0.031578947368421,0.3,0.0920676614975573,1.7999999999999998,0.0,0.0,0.0,0.0,0.0,0.0,0.0,0.0,57,15887,123,19,0,142,2.1578947368421053,0.3333333333333333,0.0,2.491228070175439,8.938125511424436,1
4519439,0,0.0,0.0,0.0,0.0,0.0652173913043478,0.3,0.1237412997457191,1.5,0.0260869565217391,0.3,0.0845314004140155,0.6,0.0,0.0,0.0,0.0,0.0,0.0,0.0,0.0,23,12727,53,4,0,57,2.3043478260869565,0.17391304347826086,0.0,2.4782608695652173,4.4786674000157145,1
4696094,0,0.0,0.0,0.0,0.0,0.0,0.0,0.0,0.0,0.0,0.0,0.0,0.0,0.0,0.0,0.0,0.0,0.0,0.0,0.0,0.0,3,1094,20,0,0,20,6.666666666666667,0.0,0.0,6.666666666666667,18.281535648994517,1
4696302,0,0.0,0.0,0.0,0.0,0.0,0.0,0.0,0.0,0.0,0.0,0.0,0.0,0.0,0.0,0.0,0.0,0.0,0.0,0.0,0.0,5,1713,10,5,1,16,2.0,1.0,0.2,3.2,9.340338587273788,1
5196247,0,0.0,0.0,0.0,0.0,0.0,0.0,0.0,0.0,0.0,0.0,0.0,0.0,0.0,0.0,0.0,0.0,0.0,0.0,0.0,0.0,14,1429,26,0,0,26,1.8571428571428572,0.0,0.0,1.8571428571428572,18.19454163750875,1
5543523,0,0.0,0.0,0.0,0.0,0.0,0.0,0.0,0.0,0.0,0.0,0.0,0.0,0.06,0.3,0.12,0.3,0.0,0.0,0.0,0.0,5,900,24,0,0,24,4.8,0.0,0.0,4.8,26.666666666666668,1
6157493,1,0.0,0.0,0.0,0.0,0.0063829787234042,0.3,0.0432914679773953,0.3,0.0,0.0,0.0,0.0,0.0574468085106382,0.6,0.13328050862439,2.7,0.0,0.0,0.0,0.0,47,19035,108,20,1,129,2.297872340425532,0.425531914893617,0.02127659574468085,2.74468085106383,6.77698975571316,1
6204203,0,0.0,0.0,0.0,0.0,0.0,0.0,0.0,0.0,0.0375,0.3,0.0992156741649221,0.3,0.0,0.0,0.0,0.0,0.0,0.0,0.0,0.0,8,2950,10,5,0,15,1.25,0.625,0.0,1.875,5.084745762711864,1
6368397,0,0.4499999999999999,0.8999999999999999,0.4499999999999999,0.8999999999999999,0.2,0.4,0.2,0.4,0.0,0.0,0.0,0.0,0.0,0.0,0.0,0.0,0.0,0.0,0.0,0.0,2,345,7,0,0,7,3.5,0.0,0.0,3.5,20.289855072463766,1
6498440,1,0.0,0.0,0.0,0.0,0.0666666666666666,0.4,0.1490711984999859,0.4,0.0499999999999999,0.3,0.1118033988749894,0.3,0.0,0.0,0.0,0.0,0.0,0.0,0.0,0.0,6,937,9,0,0,9,1.5,0.0,0.0,1.5,9.6051227321238,1
6598944,1,0.0375,0.2,0.0780624749799799,1.2000000000000002,0.0,0.0,0.0,0.0,0.0,0.0,0.0,0.0,0.0375,0.3,0.0992156741649221,1.2,0.0,0.0,0.0,0.0,32,9847,76,11,2,89,2.375,0.34375,0.0625,2.78125,9.038285772316442,1
6627265,0,0.0,0.0,0.0,0.0,0.0065934065934065,0.3,0.0439835079037131,0.6,0.0,0.0,0.0,0.0,0.0065934065934065,0.3,0.0439835079037131,0.6,0.0,0.0,0.0,0.0,91,21214,109,4,1,114,1.1978021978021978,0.04395604395604396,0.01098901098901099,1.2527472527472527,5.373809748279438,1
6800009,0,0.0,0.0,0.0,0.0,0.0755555555555555,0.4,0.1565681329227425,6.8,0.0033333333333333,0.3,0.031446603773522,0.3,0.0,0.0,0.0,0.0,0.0,0.0,0.0,0.0,90,9115,127,19,4,150,1.4111111111111112,0.2111111111111111,0.044444444444444446,1.6666666666666667,16.456390565002742,1
6844095,1,0.0007843137254901,0.2,0.0124999038827523,0.2,0.0176470588235294,0.4,0.073846375654001,4.5,0.0541176470588235,0.3,0.1153541260400496,13.799999999999995,0.0129411764705882,0.6,0.0664888054162107,3.3,0.0,0.0,0.0,0.0,255,51927,101,20,16,137,0.396078431372549,0.0784313725490196,0.06274509803921569,0.5372549019607843,2.6383191788472278,1
6886521,1,0.0444444444444444,0.2,0.0831479419283098,0.8,0.0333333333333333,0.3,0.0942809041582063,0.6,0.0166666666666666,0.3,0.0687184270936276,0.3,0.0166666666666666,0.3,0.0687184270936276,0.3,0.0,0.0,0.0,0.0,18,12804,120,2,1,123,6.666666666666667,0.1111111111111111,0.05555555555555555,6.833333333333333,9.606373008434863,1
7049956,0,0.0,0.0,0.0,0.0,0.1098591549295774,0.3,0.1445292792379189,7.8,0.004225352112676,0.3,0.0353518321070736,0.3,0.0084507042253521,0.3,0.0496366484132566,0.6,0.0,0.0,0.0,0.0,71,45240,49,57,2,108,0.6901408450704225,0.8028169014084507,0.028169014084507043,1.5211267605633803,2.3872679045092835,1
7172694,0,0.0,0.0,0.0,0.0,0.0,0.0,0.0,0.0,0.0249999999999999,0.3,0.0829156197588849,0.6,0.0124999999999999,0.3,0.0599478940414089,0.3,0.0,0.0,0.0,0.0,24,6616,66,4,0,70,2.75,0.16666666666666666,0.0,2.9166666666666665,10.580411124546552,1
7242702,1,0.008,0.2,0.0391918358845308,0.2,0.08,0.4,0.16,2.0,0.0,0.0,0.0,0.0,0.1559999999999999,0.6,0.2099142682144308,3.9,0.0,0.0,0.0,0.0,25,2802,10,0,0,10,0.4,0.0,0.0,0.4,3.5688793718772303,1
7246658,0,0.00625,0.2,0.0347985272676876,0.2,0.0,0.0,0.0,0.0,0.0,0.0,0.0,0.0,0.0,0.0,0.0,0.0,0.0,0.0,0.0,0.0,32,7752,52,17,0,69,1.625,0.53125,0.0,2.15625,8.90092879256966,1
7303057,0,1.0,1.0,0.0,1.0,0.0,0.0,0.0,0.0,0.3,0.3,0.0,0.3,0.0,0.0,0.0,0.0,0.0,0.0,0.0,0.0,1,174,1,0,0,1,1.0,0.0,0.0,1.0,5.747126436781609,1
7304503,0,0.0,0.0,0.0,0.0,0.0114503816793893,0.4,0.0649617872103611,1.5,0.0,0.0,0.0,0.0,0.0,0.0,0.0,0.0,0.0,0.0,0.0,0.0,131,19859,53,7,11,71,0.40458015267175573,0.05343511450381679,0.08396946564885496,0.5419847328244275,3.575205196636286,1
7327080,0,0.0,0.0,0.0,0.0,0.0516129032258064,0.4,0.1340942560698485,1.6,0.0193548387096774,0.3,0.0737010300567475,0.6,0.0,0.0,0.0,0.0,0.0,0.0,0.0,0.0,31,8691,44,38,2,84,1.4193548387096775,1.2258064516129032,0.06451612903225806,2.7096774193548385,9.665170866413533,1
7350553,0,0.0,0.0,0.0,0.0,0.0,0.0,0.0,0.0,0.0,0.0,0.0,0.0,0.0,0.0,0.0,0.0,0.0,0.0,0.0,0.0,5,1063,26,6,2,34,5.2,1.2,0.4,6.8,31.984948259642522,1
7450328,1,0.0,0.0,0.0,0.0,0.0512820512820512,0.4,0.1337272288246697,2.0,0.0153846153846153,0.3,0.0661717328234048,0.6,0.1461538461538461,0.6,0.2240033812086313,5.699999999999999,0.0,0.0,0.0,0.0,39,4224,5,4,0,9,0.1282051282051282,0.10256410256410256,0.0,0.23076923076923078,2.130681818181818,1
7452177,1,0.0,0.0,0.0,0.0,0.05,0.4,0.1322875655532295,1.2000000000000002,0.0249999999999999,0.3,0.0829156197588849,0.6,0.075,0.6,0.1785357107135712,1.7999999999999998,0.0,0.0,0.0,0.0,24,2684,6,0,0,6,0.25,0.0,0.0,0.25,2.235469448584203,1
7460975,1,0.0,0.0,0.0,0.0,0.0307692307692307,0.4,0.1065877420042386,0.4,0.0,0.0,0.0,0.0,0.2307692307692307,0.6,0.2398224195095368,3.0,0.0,0.0,0.0,0.0,13,2045,2,0,0,2,0.15384615384615385,0.0,0.0,0.15384615384615385,0.9779951100244498,1
7464651,1,0.0111111111111111,0.2,0.0458122847290851,0.2,0.0222222222222222,0.4,0.0916245694581702,0.4,0.0166666666666666,0.3,0.0687184270936276,0.3,0.0833333333333333,0.6,0.195078331845327,1.5,0.0,0.0,0.0,0.0,18,2540,3,1,0,4,0.16666666666666666,0.05555555555555555,0.0,0.2222222222222222,1.574803149606299,1
7488871,0,0.02,0.4,0.0748331477354788,0.8,0.02,0.4,0.0871779788708134,0.8,0.0,0.0,0.0,0.0,0.0375,0.3,0.0992156741649221,1.5,0.0,0.0,0.0,0.0,40,5118,20,6,0,26,0.5,0.15,0.0,0.65,5.080109417741305,1
7491958,0,0.0,0.0,0.0,0.0,0.3,0.3,0.0,0.3,0.0,0.0,0.0,0.0,0.0,0.0,0.0,0.0,0.0,0.0,0.0,0.0,1,1053,0,0,0,0,0.0,0.0,0.0,0.0,0.0,0
7533667,0,0.0,0.0,0.0,0.0,0.0,0.0,0.0,0.0,0.0272727272727272,0.3,0.0862439361864103,0.3,0.0,0.0,0.0,0.0,0.0,0.0,0.0,0.0,11,1484,9,6,0,15,0.8181818181818182,0.5454545454545454,0.0,1.3636363636363635,10.107816711590296,1
7540686,0,0.0,0.0,0.0,0.0,0.0,0.0,0.0,0.0,0.0214285714285714,0.3,0.0772618130456569,0.3,0.0,0.0,0.0,0.0,0.0,0.0,0.0,0.0,14,1881,8,4,0,12,0.5714285714285714,0.2857142857142857,0.0,0.8571428571428571,6.379585326953748,1
7546849,0,0.0,0.0,0.0,0.0,0.1828,0.4,0.1469154859094166,45.7,0.036,0.3,0.0974884608556315,9.0,0.0,0.0,0.0,0.0,0.0,0.0,0.0,0.0,250,197917,241,81,17,339,0.964,0.324,0.068,1.356,1.712839220481313,1
7553151,0,0.0,0.0,0.0,0.0,0.0034632034632034,0.4,0.0370578953403163,0.8,0.0025974025974025,0.3,0.0277934215052372,0.6,0.0077922077922077,0.3,0.0477173326516203,1.7999999999999998,0.0,0.0,0.0,0.0,231,35959,131,50,8,189,0.5670995670995671,0.21645021645021645,0.03463203463203463,0.8181818181818182,5.255985984037376,1
7558875,0,0.0,0.0,0.0,0.0,0.045,0.3,0.1071214264281427,2.7,0.02,0.3,0.0748331477354788,1.2,0.005,0.3,0.038405728739343,0.3,0.0,0.0,0.0,0.0,60,39479,60,7,0,67,1.0,0.11666666666666667,0.0,1.1166666666666667,1.697104789888295,1
7560349,0,0.0,0.0,0.0,0.0,0.024,0.3,0.0813879597975032,0.6,0.036,0.3,0.0974884608556315,0.8999999999999999,0.012,0.3,0.0587877538267962,0.3,0.0,0.0,0.0,0.0,25,9317,39,27,2,68,1.56,1.08,0.08,2.72,7.298486637329613,1
7581887,0,0.0,0.0,0.0,0.0,0.0,0.0,0.0,0.0,0.0,0.0,0.0,0.0,0.0,0.0,0.0,0.0,0.0,0.0,0.0,0.0,1,329,0,0,0,0,0.0,0.0,0.0,0.0,0.0,0
7607632,0,0.0,0.0,0.0,0.0,0.0542857142857142,0.4,0.1369939667969926,7.6,0.0021428571428571,0.3,0.0252639131197534,0.3,0.0128571428571428,0.6,0.0705517612849471,1.7999999999999998,0.0,0.0,0.0,0.0,140,18410,51,13,2,66,0.36428571428571427,0.09285714285714286,0.014285714285714285,0.4714285714285714,3.58500814774579,1
7620528,1,0.0,0.0,0.0,0.0,0.0243243243243243,0.3,0.0818878778786114,0.8999999999999999,0.0243243243243243,0.3,0.0818878778786114,0.8999999999999999,0.0081081081081081,0.3,0.0486486486486486,0.3,0.0,0.0,0.0,0.0,37,11625,19,8,4,31,0.5135135135135135,0.21621621621621623,0.10810810810810811,0.8378378378378378,2.6666666666666665,1
7624472,0,0.0006802721088435,0.2,0.0116443828357984,0.2,0.0163265306122449,0.4,0.0791457935904706,4.800000000000001,0.0081632653061224,0.3,0.0488092275228628,2.4,0.0071428571428571,0.6,0.0575875553449896,2.1,0.0,0.0,0.0,0.0,294,44924,347,13,1,361,1.1802721088435375,0.04421768707482993,0.003401360544217687,1.227891156462585,8.035793785059212,1
7626021,1,0.0,0.0,0.0,0.0,0.0,0.0,0.0,0.0,0.0666666666666666,0.3,0.1247219128924647,2.4,0.0,0.0,0.0,0.0,0.0,0.0,0.0,0.0,36,5886,3,2,1,6,0.08333333333333333,0.05555555555555555,0.027777777777777776,0.16666666666666666,1.0193679918450562,1
7627333,0,0.0,0.0,0.0,0.0,0.0174999999999999,0.4,0.0770957197255463,0.7,0.015,0.3,0.0653834841531101,0.6,0.0075,0.3,0.0468374849879879,0.3,0.0,0.0,0.0,0.0,40,9971,44,2,1,47,1.1,0.05,0.025,1.175,4.713669641961689,1
7635007,1,0.0,0.0,0.0,0.0,0.0,0.0,0.0,0.0,0.15,0.3,0.15,0.3,0.0,0.0,0.0,0.0,0.0,0.0,0.0,0.0,2,119,0,0,0,0,0.0,0.0,0.0,0.0,0.0,0
7636498,1,0.0,0.0,0.0,0.0,0.0,0.0,0.0,0.0,0.0,0.0,0.0,0.0,0.0,0.0,0.0,0.0,0.0,0.0,0.0,0.0,3,249,3,0,0,3,1.0,0.0,0.0,1.0,12.048192771084338,1
7637812,1,0.0,0.0,0.0,0.0,0.0,0.0,0.0,0.0,0.0,0.0,0.0,0.0,0.0,0.0,0.0,0.0,0.0,0.0,0.0,0.0,5,418,0,0,0,0,0.0,0.0,0.0,0.0,0.0,0
7637827,1,0.0,0.0,0.0,0.0,0.0,0.0,0.0,0.0,0.0,0.0,0.0,0.0,0.0,0.0,0.0,0.0,0.0,0.0,0.0,0.0,3,293,3,0,0,3,1.0,0.0,0.0,1.0,10.238907849829351,1
7639406,1,0.0,0.0,0.0,0.0,0.0,0.0,0.0,0.0,0.0,0.0,0.0,0.0,0.0,0.0,0.0,0.0,0.0,0.0,0.0,0.0,11,966,3,0,0,3,0.2727272727272727,0.0,0.0,0.2727272727272727,3.105590062111801,1
7639557,0,0.0,0.0,0.0,0.0,0.0,0.0,0.0,0.0,0.0499999999999999,0.3,0.1118033988749894,0.3,0.0,0.0,0.0,0.0,0.0,0.0,0.0,0.0,6,847,6,0,0,6,1.0,0.0,0.0,1.0,7.083825265643448,1
7642115,1,0.0,0.0,0.0,0.0,0.0,0.0,0.0,0.0,0.0,0.0,0.0,0.0,0.0,0.0,0.0,0.0,0.0,0.0,0.0,0.0,2,122,4,0,0,4,2.0,0.0,0.0,2.0,32.786885245901644,1
7642226,1,0.0,0.0,0.0,0.0,0.0,0.0,0.0,0.0,0.0,0.0,0.0,0.0,0.0,0.0,0.0,0.0,0.0,0.0,0.0,0.0,16,2598,3,1,5,9,0.1875,0.0625,0.3125,0.5625,3.464203233256351,1
7642588,0,0.0,0.0,0.0,0.0,0.0,0.0,0.0,0.0,0.0,0.0,0.0,0.0,0.0,0.0,0.0,0.0,0.0,0.0,0.0,0.0,4,945,16,0,2,18,4.0,0.0,0.5,4.5,19.04761904761905,1
7643288,1,0.0,0.0,0.0,0.0,0.0,0.0,0.0,0.0,0.0,0.0,0.0,0.0,0.0,0.0,0.0,0.0,0.0,0.0,0.0,0.0,7,434,10,0,0,10,1.4285714285714286,0.0,0.0,1.4285714285714286,23.041474654377883,1
7644713,1,0.0,0.0,0.0,0.0,0.0,0.0,0.0,0.0,0.0,0.0,0.0,0.0,0.0,0.0,0.0,0.0,0.0,0.0,0.0,0.0,6,311,4,0,0,4,0.6666666666666666,0.0,0.0,0.6666666666666666,12.861736334405144,1
7646337,1,0.0,0.0,0.0,0.0,0.0,0.0,0.0,0.0,0.0,0.0,0.0,0.0,0.0,0.0,0.0,0.0,0.0,0.0,0.0,0.0,12,1185,8,0,0,8,0.6666666666666666,0.0,0.0,0.6666666666666666,6.751054852320675,1
7647671,1,0.0,0.0,0.0,0.0,0.0,0.0,0.0,0.0,0.0,0.0,0.0,0.0,0.0,0.0,0.0,0.0,0.0,0.0,0.0,0.0,8,626,2,0,0,2,0.25,0.0,0.0,0.25,3.1948881789137378,1
7647679,1,0.0,0.0,0.0,0.0,0.0,0.0,0.0,0.0,0.0499999999999999,0.3,0.1118033988749894,0.3,0.0,0.0,0.0,0.0,0.0,0.0,0.0,0.0,6,256,5,0,0,5,0.8333333333333334,0.0,0.0,0.8333333333333334,19.53125,1
7649169,1,0.0,0.0,0.0,0.0,0.0,0.0,0.0,0.0,0.0428571428571428,0.3,0.1049781318335647,0.3,0.0,0.0,0.0,0.0,0.0,0.0,0.0,0.0,7,526,1,0,0,1,0.14285714285714285,0.0,0.0,0.14285714285714285,1.9011406844106464,1
7649173,1,0.0,0.0,0.0,0.0,0.0,0.0,0.0,0.0,0.0,0.0,0.0,0.0,0.0,0.0,0.0,0.0,0.0,0.0,0.0,0.0,5,276,3,0,0,3,0.6,0.0,0.0,0.6,10.869565217391305,1
7650619,1,0.0,0.0,0.0,0.0,0.0,0.0,0.0,0.0,0.0,0.0,0.0,0.0,0.0,0.0,0.0,0.0,0.0,0.0,0.0,0.0,6,608,2,0,0,2,0.3333333333333333,0.0,0.0,0.3333333333333333,3.289473684210526,1
7650628,1,0.0,0.0,0.0,0.0,0.0,0.0,0.0,0.0,0.0,0.0,0.0,0.0,0.0,0.0,0.0,0.0,0.0,0.0,0.0,0.0,7,436,6,0,0,6,0.8571428571428571,0.0,0.0,0.8571428571428571,13.761467889908257,1
7651618,0,0.0,0.0,0.0,0.0,0.0,0.0,0.0,0.0,0.0,0.0,0.0,0.0,0.0,0.0,0.0,0.0,0.0,0.0,0.0,0.0,2,243,1,1,0,2,0.5,0.5,0.0,1.0,8.23045267489712,1
7652000,1,0.0,0.0,0.0,0.0,0.0,0.0,0.0,0.0,0.0,0.0,0.0,0.0,0.0,0.0,0.0,0.0,0.0,0.0,0.0,0.0,6,624,2,0,0,2,0.3333333333333333,0.0,0.0,0.3333333333333333,3.205128205128205,1
7652011,1,0.0,0.0,0.0,0.0,0.0444444444444444,0.4,0.1257078722109418,0.4,0.0,0.0,0.0,0.0,0.0,0.0,0.0,0.0,0.0,0.0,0.0,0.0,9,586,10,0,0,10,1.1111111111111112,0.0,0.0,1.1111111111111112,17.064846416382252,1
7653148,1,0.0,0.0,0.0,0.0,0.0,0.0,0.0,0.0,0.0,0.0,0.0,0.0,0.0,0.0,0.0,0.0,0.0,0.0,0.0,0.0,14,1258,4,0,0,4,0.2857142857142857,0.0,0.0,0.2857142857142857,3.179650238473768,1
7653151,1,0.0,0.0,0.0,0.0,0.0,0.0,0.0,0.0,0.0,0.0,0.0,0.0,0.0,0.0,0.0,0.0,0.0,0.0,0.0,0.0,5,362,6,0,0,6,1.2,0.0,0.0,1.2,16.574585635359114,1
7654659,1,0.0,0.0,0.0,0.0,0.0,0.0,0.0,0.0,0.0,0.0,0.0,0.0,0.0,0.0,0.0,0.0,0.0,0.0,0.0,0.0,4,340,2,0,0,2,0.5,0.0,0.0,0.5,5.88235294117647,1
7656148,0,0.0,0.0,0.0,0.0,0.0,0.0,0.0,0.0,0.0,0.0,0.0,0.0,0.0,0.0,0.0,0.0,0.0,0.0,0.0,0.0,6,1467,36,2,2,40,6.0,0.3333333333333333,0.3333333333333333,6.666666666666667,27.266530334015,1
7657704,1,0.0,0.0,0.0,0.0,0.0,0.0,0.0,0.0,0.0,0.0,0.0,0.0,0.0,0.0,0.0,0.0,0.0,0.0,0.0,0.0,6,411,6,0,0,6,1.0,0.0,0.0,1.0,14.598540145985401,1
7659132,1,0.0,0.0,0.0,0.0,0.0,0.0,0.0,0.0,0.0,0.0,0.0,0.0,0.0,0.0,0.0,0.0,0.0,0.0,0.0,0.0,7,365,4,0,0,4,0.5714285714285714,0.0,0.0,0.5714285714285714,10.95890410958904,1
7660588,1,0.0,0.0,0.0,0.0,0.0,0.0,0.0,0.0,0.0,0.0,0.0,0.0,0.0,0.0,0.0,0.0,0.0,0.0,0.0,0.0,6,328,3,0,0,3,0.5,0.0,0.0,0.5,9.146341463414634,1
7663374,1,0.0,0.0,0.0,0.0,0.0,0.0,0.0,0.0,0.0,0.0,0.0,0.0,0.0,0.0,0.0,0.0,0.0,0.0,0.0,0.0,8,493,5,0,0,5,0.625,0.0,0.0,0.625,10.141987829614605,1
7664645,0,0.0,0.0,0.0,0.0,0.0,0.0,0.0,0.0,0.0,0.0,0.0,0.0,0.0,0.0,0.0,0.0,0.0,0.0,0.0,0.0,1,330,0,0,0,0,0.0,0.0,0.0,0.0,0.0,0
7664756,1,0.0,0.0,0.0,0.0,0.0,0.0,0.0,0.0,0.0,0.0,0.0,0.0,0.0,0.0,0.0,0.0,0.0,0.0,0.0,0.0,5,422,6,0,0,6,1.2,0.0,0.0,1.2,14.218009478672984,1
7667897,1,0.0,0.0,0.0,0.0,0.0,0.0,0.0,0.0,0.0,0.0,0.0,0.0,0.0,0.0,0.0,0.0,0.0,0.0,0.0,0.0,5,294,3,1,0,4,0.6,0.2,0.0,0.8,13.605442176870747,1
7669432,1,0.0,0.0,0.0,0.0,0.04,0.4,0.12,0.4,0.0,0.0,0.0,0.0,0.0,0.0,0.0,0.0,0.0,0.0,0.0,0.0,10,519,8,1,0,9,0.8,0.1,0.0,0.9,17.341040462427745,1
7670865,1,0.0,0.0,0.0,0.0,0.0,0.0,0.0,0.0,0.0,0.0,0.0,0.0,0.0,0.0,0.0,0.0,0.0,0.0,0.0,0.0,5,256,3,0,0,3,0.6,0.0,0.0,0.6,11.71875,1
7672236,1,0.0,0.0,0.0,0.0,0.0,0.0,0.0,0.0,0.0,0.0,0.0,0.0,0.0,0.0,0.0,0.0,0.0,0.0,0.0,0.0,3,189,1,0,0,1,0.3333333333333333,0.0,0.0,0.3333333333333333,5.291005291005291,1
7681572,1,0.0,0.0,0.0,0.0,0.0,0.0,0.0,0.0,0.0,0.0,0.0,0.0,0.0,0.0,0.0,0.0,0.0,0.0,0.0,0.0,2,137,2,0,0,2,1.0,0.0,0.0,1.0,14.598540145985401,1
830917,0,0.0,0.0,0.0,0.0,0.0,0.0,0.0,0.0,0.0,0.0,0.0,0.0,0.0,0.0,0.0,0.0,0.0,0.0,0.0,0.0,7,1222,11,0,1,12,1.5714285714285714,0.0,0.14285714285714285,1.7142857142857142,9.819967266775777,1
1042938,0,0.0,0.0,0.0,0.0,0.0,0.0,0.0,0.0,0.0085714285714285,0.3,0.0499795876701025,0.3,0.0,0.0,0.0,0.0,0.0,0.0,0.0,0.0,35,7799,100,1,0,101,2.857142857142857,0.02857142857142857,0.0,2.8857142857142857,12.950378253622258,1
1229389,0,0.0,0.0,0.0,0.0,0.0,0.0,0.0,0.0,0.0,0.0,0.0,0.0,0.0,0.0,0.0,0.0,0.0,0.0,0.0,0.0,2,333,0,0,0,0,0.0,0.0,0.0,0.0,0.0,0
1254515,0,0.0,0.0,0.0,0.0,0.0,0.0,0.0,0.0,0.0,0.0,0.0,0.0,0.0,0.0,0.0,0.0,0.0,0.0,0.0,0.0,6,1182,8,0,0,8,1.3333333333333333,0.0,0.0,1.3333333333333333,6.768189509306261,1
1310917,0,0.0,0.0,0.0,0.0,0.0,0.0,0.0,0.0,0.0,0.0,0.0,0.0,0.0,0.0,0.0,0.0,0.0,0.0,0.0,0.0,4,576,7,0,0,7,1.75,0.0,0.0,1.75,12.152777777777779,1
1335778,0,0.0,0.0,0.0,0.0,0.075,0.3,0.1299038105676657,0.3,0.0,0.0,0.0,0.0,0.0,0.0,0.0,0.0,0.0,0.0,0.0,0.0,4,1680,4,0,0,4,1.0,0.0,0.0,1.0,2.3809523809523814,1
1371079,0,0.0,0.0,0.0,0.0,0.0258064516129032,0.4,0.0982680400756633,4.0,0.052258064516129,0.3,0.1137827493421863,8.1,0.0135483870967741,0.6,0.0710087857852031,2.1,0.0,0.0,0.0,0.0,155,30331,447,21,5,473,2.8838709677419354,0.13548387096774195,0.03225806451612903,3.0516129032258066,15.594606178497246,1
1966175,0,0.0,0.0,0.0,0.0,0.0,0.0,0.0,0.0,0.0999999999999999,0.3,0.1414213562373095,0.3,0.0,0.0,0.0,0.0,0.0,0.0,0.0,0.0,3,430,2,2,0,4,0.6666666666666666,0.6666666666666666,0.0,1.3333333333333333,9.30232558139535,1
1977229,0,0.0,0.0,0.0,0.0,0.0,0.0,0.0,0.0,0.0,0.0,0.0,0.0,0.0,0.0,0.0,0.0,0.0,0.0,0.0,0.0,3,629,9,0,0,9,3.0,0.0,0.0,3.0,14.308426073131956,1
2017898,0,0.0,0.0,0.0,0.0,0.0,0.0,0.0,0.0,0.0,0.0,0.0,0.0,0.0,0.0,0.0,0.0,0.0,0.0,0.0,0.0,2,909,8,2,0,10,4.0,1.0,0.0,5.0,11.001100110011002,1
2586334,0,0.0042553191489361,0.2,0.0288609786515968,0.2,0.0063829787234042,0.3,0.0432914679773953,0.3,0.0191489361702127,0.3,0.0733348422962301,0.8999999999999999,0.0127659574468085,0.6,0.0865829359547906,0.6,0.0,0.0,0.0,0.0,47,14872,54,22,1,77,1.148936170212766,0.46808510638297873,0.02127659574468085,1.6382978723404256,5.177514792899409,1
2969300,0,0.0,0.0,0.0,0.0,0.0629629629629629,0.3,0.1221660926108936,5.1000000000000005,0.0037037037037037,0.3,0.0331269329999968,0.3,0.0,0.0,0.0,0.0,0.0,0.0,0.0,0.0,81,44608,227,93,2,322,2.802469135802469,1.1481481481481481,0.024691358024691357,3.9753086419753085,7.218436154949785,1
2988527,0,0.0,0.0,0.0,0.0,0.0,0.0,0.0,0.0,0.0,0.0,0.0,0.0,0.0,0.0,0.0,0.0,0.0,0.0,0.0,0.0,3,813,5,0,0,5,1.6666666666666667,0.0,0.0,1.6666666666666667,6.150061500615006,1
3103055,0,0.0111111111111111,0.2,0.0458122847290851,0.2,0.0,0.0,0.0,0.0,0.0,0.0,0.0,0.0,0.0,0.0,0.0,0.0,0.0,0.0,0.0,0.0,18,3331,22,1,0,23,1.2222222222222223,0.05555555555555555,0.0,1.2777777777777777,6.9048333833683575,1
3388380,0,0.0,0.0,0.0,0.0,0.0166666666666666,0.4,0.0770346898114312,1.1,0.0045454545454545,0.3,0.0366466261286297,0.3,0.0,0.0,0.0,0.0,0.0,0.0,0.0,0.0,66,18033,65,25,7,97,0.9848484848484849,0.3787878787878788,0.10606060606060606,1.4696969696969697,5.3790273387678145,1
3797247,0,0.0,0.0,0.0,0.0,0.0,0.0,0.0,0.0,0.0,0.0,0.0,0.0,0.0,0.0,0.0,0.0,0.0,0.0,0.0,0.0,3,310,0,3,0,3,0.0,1.0,0.0,1.0,9.67741935483871,1
3934342,0,0.0,0.0,0.0,0.0,0.0176470588235294,0.3,0.0705882352941176,0.3,0.0,0.0,0.0,0.0,0.0,0.0,0.0,0.0,0.0,0.0,0.0,0.0,17,4717,6,4,0,10,0.35294117647058826,0.23529411764705882,0.0,0.5882352941176471,2.11999152003392,1
3952198,0,0.0,0.0,0.0,0.0,0.4,0.4,0.0,0.4,0.0,0.0,0.0,0.0,0.0,0.0,0.0,0.0,0.0,0.0,0.0,0.0,1,35,1,0,0,1,1.0,0.0,0.0,1.0,28.57142857142857,1
4047128,0,0.0,0.0,0.0,0.0,0.0,0.0,0.0,0.0,0.0,0.0,0.0,0.0,0.0,0.0,0.0,0.0,0.0,0.0,0.0,0.0,4,238,0,0,0,0,0.0,0.0,0.0,0.0,0.0,0
4141279,1,0.05,0.2,0.0866025403784438,0.2,0.0,0.0,0.0,0.0,0.0,0.0,0.0,0.0,0.0,0.0,0.0,0.0,0.0,0.0,0.0,0.0,4,1293,6,0,1,7,1.5,0.0,0.25,1.75,5.413766434648105,1
4595346,0,0.275,0.8,0.2817356917396161,2.2,0.0,0.0,0.0,0.0,0.0,0.0,0.0,0.0,0.0,0.0,0.0,0.0,0.0,0.0,0.0,0.0,8,1710,3,0,1,4,0.375,0.0,0.125,0.5,2.3391812865497075,1
4804511,0,0.0166666666666666,0.2,0.0552770798392566,0.2,0.0249999999999999,0.3,0.0829156197588849,0.3,0.0,0.0,0.0,0.0,0.0,0.0,0.0,0.0,0.0,0.0,0.0,0.0,12,5537,47,0,8,55,3.9166666666666665,0.0,0.6666666666666666,4.583333333333333,9.933176810547229,1
4898598,0,0.0,0.0,0.0,0.0,0.0,0.0,0.0,0.0,0.0285714285714285,0.3,0.088063057185271,0.6,0.0142857142857142,0.3,0.0638876564999939,0.3,0.0,0.0,0.0,0.0,21,4064,20,12,1,33,0.9523809523809523,0.5714285714285714,0.047619047619047616,1.5714285714285714,8.12007874015748,1
5313661,0,0.0,0.0,0.0,0.0,0.0,0.0,0.0,0.0,0.3,0.3,0.0,0.3,0.0,0.0,0.0,0.0,0.0,0.0,0.0,0.0,1,926,8,1,0,9,8.0,1.0,0.0,9.0,9.719222462203025,1
5412808,0,0.0,0.0,0.0,0.0,0.0,0.0,0.0,0.0,0.0,0.0,0.0,0.0,0.0,0.0,0.0,0.0,0.0,0.0,0.0,0.0,2,355,7,0,0,7,3.5,0.0,0.0,3.5,19.71830985915493,1
5415008,0,0.0,0.0,0.0,0.0,0.0,0.0,0.0,0.0,0.0,0.0,0.0,0.0,0.0,0.0,0.0,0.0,0.0,0.0,0.0,0.0,2,856,1,0,0,1,0.5,0.0,0.0,0.5,1.1682242990654206,1
5684637,0,0.0,0.0,0.0,0.0,0.0,0.0,0.0,0.0,0.0,0.0,0.0,0.0,0.0,0.0,0.0,0.0,0.0,0.0,0.0,0.0,1,162,7,0,0,7,7.0,0.0,0.0,7.0,43.20987654320987,1
5880716,0,0.0,0.0,0.0,0.0,0.0,0.0,0.0,0.0,0.0,0.0,0.0,0.0,0.0,0.0,0.0,0.0,0.0,0.0,0.0,0.0,1,96,1,1,0,2,1.0,1.0,0.0,2.0,20.833333333333332,1
6033781,0,0.0,0.0,0.0,0.0,0.0,0.0,0.0,0.0,0.0,0.0,0.0,0.0,0.0,0.0,0.0,0.0,0.0,0.0,0.0,0.0,1,330,4,0,0,4,4.0,0.0,0.0,4.0,12.121212121212121,1
6063973,0,0.0,0.0,0.0,0.0,0.0,0.0,0.0,0.0,0.0,0.0,0.0,0.0,0.0,0.0,0.0,0.0,0.0,0.0,0.0,0.0,1,156,3,0,0,3,3.0,0.0,0.0,3.0,19.230769230769234,1
6152612,0,0.0,0.0,0.0,0.0,0.0,0.0,0.0,0.0,0.0,0.0,0.0,0.0,0.0,0.0,0.0,0.0,0.0,0.0,0.0,0.0,8,2274,16,7,1,24,2.0,0.875,0.125,3.0,10.554089709762533,1
6165260,0,0.0,0.0,0.0,0.0,0.0,0.0,0.0,0.0,0.0,0.0,0.0,0.0,0.0,0.0,0.0,0.0,0.0,0.0,0.0,0.0,23,3855,47,3,1,51,2.0434782608695654,0.13043478260869565,0.043478260869565216,2.217391304347826,13.229571984435797,1
6492321,0,0.0,0.0,0.0,0.0,0.4,0.4,0.0,0.4,0.0,0.0,0.0,0.0,0.0,0.0,0.0,0.0,0.0,0.0,0.0,0.0,1,41,1,0,0,1,1.0,0.0,0.0,1.0,24.390243902439025,1
6545378,0,0.0,0.0,0.0,0.0,0.015,0.4,0.0759934207678533,1.2000000000000002,0.00375,0.3,0.0333307290649334,0.3,0.0,0.0,0.0,0.0,0.0,0.0,0.0,0.0,80,9629,38,2,1,41,0.475,0.025,0.0125,0.5125,4.257970713469727,1
6558504,0,0.0,0.0,0.0,0.0,0.0,0.0,0.0,0.0,0.0,0.0,0.0,0.0,0.0,0.0,0.0,0.0,0.0,0.0,0.0,0.0,4,733,2,0,0,2,0.5,0.0,0.0,0.5,2.728512960436562,1
6622883,1,0.0,0.0,0.0,0.0,0.0,0.0,0.0,0.0,0.0,0.0,0.0,0.0,0.0,0.0,0.0,0.0,0.0,0.0,0.0,0.0,1,183,2,0,0,2,2.0,0.0,0.0,2.0,10.92896174863388,1
6740729,1,0.0,0.0,0.0,0.0,0.0,0.0,0.0,0.0,0.0375,0.3,0.0992156741649221,0.3,0.0,0.0,0.0,0.0,0.0,0.0,0.0,0.0,8,1017,13,0,0,13,1.625,0.0,0.0,1.625,12.782694198623402,1
6778364,0,0.0,0.0,0.0,0.0,0.0030534351145038,0.4,0.0348145167969202,0.4,0.0022900763358778,0.3,0.0261108875976901,0.3,0.0,0.0,0.0,0.0,0.0,0.0,0.0,0.0,131,29614,197,160,2,359,1.5038167938931297,1.2213740458015268,0.015267175572519083,2.7404580152671754,12.122644695076653,1
6786766,0,0.0,0.0,0.0,0.0,0.0,0.0,0.0,0.0,0.0096774193548387,0.3,0.0530054087908225,0.3,0.0,0.0,0.0,0.0,0.0,0.0,0.0,0.0,31,8899,36,27,0,63,1.1612903225806452,0.8709677419354839,0.0,2.032258064516129,7.0794471288908865,1
6804410,1,0.0,0.0,0.0,0.0,0.0,0.0,0.0,0.0,0.0,0.0,0.0,0.0,0.0,0.0,0.0,0.0,0.0,0.0,0.0,0.0,7,1362,11,0,0,11,1.5714285714285714,0.0,0.0,1.5714285714285714,8.076358296622614,1
6823953,0,0.0,0.0,0.0,0.0,0.0,0.0,0.0,0.0,0.0,0.0,0.0,0.0,0.0,0.0,0.0,0.0,0.0,0.0,0.0,0.0,1,133,0,0,0,0,0.0,0.0,0.0,0.0,0.0,0
6897552,1,0.0,0.0,0.0,0.0,0.0,0.0,0.0,0.0,0.0,0.0,0.0,0.0,0.0,0.0,0.0,0.0,0.0,0.0,0.0,0.0,57,12596,325,28,3,356,5.701754385964913,0.49122807017543857,0.05263157894736842,6.245614035087719,28.262940616068594,1
6905677,0,0.0,0.0,0.0,0.0,0.0,0.0,0.0,0.0,0.0,0.0,0.0,0.0,0.0,0.0,0.0,0.0,0.0,0.0,0.0,0.0,5,558,1,0,0,1,0.2,0.0,0.0,0.2,1.7921146953405018,1
6906612,1,0.0,0.0,0.0,0.0,0.0,0.0,0.0,0.0,0.0,0.0,0.0,0.0,0.0,0.0,0.0,0.0,0.0,0.0,0.0,0.0,14,6314,22,1,0,23,1.5714285714285714,0.07142857142857142,0.0,1.6428571428571428,3.642698764649984,1
6907936,1,0.0105263157894736,0.2,0.0446593756538872,0.2,0.0210526315789473,0.4,0.0893187513077744,0.4,0.0,0.0,0.0,0.0,0.0,0.0,0.0,0.0,0.0,0.0,0.0,0.0,19,3056,12,4,1,17,0.631578947368421,0.21052631578947367,0.05263157894736842,0.8947368421052632,5.5628272251308895,1
6909947,1,0.0,0.0,0.0,0.0,0.0,0.0,0.0,0.0,0.0,0.0,0.0,0.0,0.0,0.0,0.0,0.0,0.0,0.0,0.0,0.0,13,3284,9,5,3,17,0.6923076923076923,0.38461538461538464,0.23076923076923078,1.3076923076923077,5.176613885505481,1
6967530,0,0.0,0.0,0.0,0.0,0.019047619047619,0.4,0.085183541999992,0.4,0.0285714285714285,0.3,0.0880630571852711,0.6,0.0,0.0,0.0,0.0,0.0,0.0,0.0,0.0,21,2363,14,5,1,20,0.6666666666666666,0.23809523809523808,0.047619047619047616,0.9523809523809523,8.463817181548878,1
7005575,1,0.0,0.0,0.0,0.0,0.0,0.0,0.0,0.0,0.0,0.0,0.0,0.0,0.0,0.0,0.0,0.0,0.0,0.0,0.0,0.0,27,8868,25,5,0,30,0.9259259259259259,0.18518518518518517,0.0,1.1111111111111112,3.3829499323410013,1
7022480,0,0.0,0.0,0.0,0.0,0.2624999999999999,0.3,0.0992156741649221,2.1,0.0,0.0,0.0,0.0,0.0,0.0,0.0,0.0,0.0,0.0,0.0,0.0,8,6548,27,0,1,28,3.375,0.0,0.125,3.5,4.276114844227244,1
7025562,0,0.0,0.0,0.0,0.0,0.0,0.0,0.0,0.0,0.0499999999999999,0.3,0.1118033988749895,0.3,0.0,0.0,0.0,0.0,0.0,0.0,0.0,0.0,6,932,3,0,0,3,0.5,0.0,0.0,0.5,3.218884120171674,1
7030735,1,0.0,0.0,0.0,0.0,0.0,0.0,0.0,0.0,0.0,0.0,0.0,0.0,0.0,0.0,0.0,0.0,0.0,0.0,0.0,0.0,1,485,3,0,0,3,3.0,0.0,0.0,3.0,6.185567010309278,1
7134304,0,0.0,0.0,0.0,0.0,0.0444444444444444,0.4,0.1257078722109418,0.4,0.0,0.0,0.0,0.0,0.0,0.0,0.0,0.0,0.0,0.0,0.0,0.0,9,1058,17,1,0,18,1.8888888888888888,0.1111111111111111,0.0,2.0,17.013232514177695,1
7144500,1,0.0,0.0,0.0,0.0,0.2,0.4,0.2,0.4,0.0,0.0,0.0,0.0,0.0,0.0,0.0,0.0,0.0,0.0,0.0,0.0,2,308,0,0,0,0,0.0,0.0,0.0,0.0,0.0,0
7169873,0,0.0,0.0,0.0,0.0,0.0,0.0,0.0,0.0,0.0,0.0,0.0,0.0,0.0,0.0,0.0,0.0,0.0,0.0,0.0,0.0,1,55,0,0,0,0,0.0,0.0,0.0,0.0,0.0,0
7198900,0,0.0666666666666666,0.2,0.0942809041582063,0.4,0.0999999999999999,0.3,0.1414213562373095,0.6,0.0,0.0,0.0,0.0,0.0,0.0,0.0,0.0,0.0,0.0,0.0,0.0,6,5680,57,5,2,64,9.5,0.8333333333333334,0.3333333333333333,10.666666666666666,11.267605633802818,1
7222537,0,0.0,0.0,0.0,0.0,0.0404255319148936,0.4,0.1178884695931495,1.9,0.0191489361702127,0.3,0.0733348422962301,0.8999999999999999,0.0127659574468085,0.3,0.060554253067054,0.6,0.0,0.0,0.0,0.0,47,5038,29,9,0,38,0.6170212765957447,0.19148936170212766,0.0,0.8085106382978723,7.542675664946407,1
7236126,0,0.0,0.0,0.0,0.0,0.015,0.4,0.0759934207678533,1.2000000000000002,0.0412499999999999,0.3,0.1033123298546693,3.3,0.0,0.0,0.0,0.0,0.0,0.0,0.0,0.0,80,23294,183,1,0,184,2.2875,0.0125,0.0,2.3,7.899029793079763,1
7238183,1,0.0,0.0,0.0,0.0,0.0,0.0,0.0,0.0,0.0,0.0,0.0,0.0,0.0,0.0,0.0,0.0,0.0,0.0,0.0,0.0,4,754,2,0,0,2,0.5,0.0,0.0,0.5,2.6525198938992043,1
7271778,1,0.0,0.0,0.0,0.0,0.4,0.4,0.0,0.4,0.0,0.0,0.0,0.0,0.0,0.0,0.0,0.0,0.0,0.0,0.0,0.0,1,90,0,0,0,0,0.0,0.0,0.0,0.0,0.0,0
7288430,0,0.0,0.0,0.0,0.0,0.0,0.0,0.0,0.0,0.0,0.0,0.0,0.0,0.0,0.0,0.0,0.0,0.0,0.0,0.0,0.0,1,98,1,0,0,1,1.0,0.0,0.0,1.0,10.204081632653061,1
7299864,0,0.0,0.0,0.0,0.0,0.0,0.0,0.0,0.0,0.0,0.0,0.0,0.0,0.0,0.0,0.0,0.0,0.0,0.0,0.0,0.0,1,574,0,0,0,0,0.0,0.0,0.0,0.0,0.0,0
7325541,1,0.0,0.0,0.0,0.0,0.0,0.0,0.0,0.0,0.0,0.0,0.0,0.0,0.0,0.0,0.0,0.0,0.0,0.0,0.0,0.0,1,68,0,0,0,0,0.0,0.0,0.0,0.0,0.0,0
7358073,1,0.0,0.0,0.0,0.0,0.0551724137931034,0.4,0.1379310344827586,1.6,0.0,0.0,0.0,0.0,0.0,0.0,0.0,0.0,0.0,0.0,0.0,0.0,29,5686,15,10,1,26,0.5172413793103449,0.3448275862068966,0.034482758620689655,0.896551724137931,4.57263454097784,1
7362926,0,0.009090909090909,0.2,0.041659779045053,0.2,0.0,0.0,0.0,0.0,0.0409090909090909,0.3,0.102952287753692,0.8999999999999999,0.0,0.0,0.0,0.0,0.0,0.0,0.0,0.0,22,6792,50,0,0,50,2.272727272727273,0.0,0.0,2.272727272727273,7.361601884570082,1
7394458,0,0.0,0.0,0.0,0.0,0.0,0.0,0.0,0.0,0.0,0.0,0.0,0.0,0.0,0.0,0.0,0.0,0.0,0.0,0.0,0.0,2,505,10,1,0,11,5.0,0.5,0.0,5.5,21.78217821782178,1
7400460,1,0.0,0.0,0.0,0.0,0.0,0.0,0.0,0.0,0.0,0.0,0.0,0.0,0.0,0.0,0.0,0.0,0.0,0.0,0.0,0.0,1,94,0,0,0,0,0.0,0.0,0.0,0.0,0.0,0
7407674,0,0.0363636363636363,0.4,0.1067940011315521,1.6,0.0409090909090909,0.4,0.1154402281745481,1.8000000000000005,0.034090909090909,0.3,0.0952107275711518,1.5,0.0068181818181818,0.3,0.0447098081202409,0.3,0.0,0.0,0.0,0.0,44,9242,22,6,0,28,0.5,0.13636363636363635,0.0,0.6363636363636364,3.029647262497295,1
7432772,1,0.0,0.0,0.0,0.0,0.0,0.0,0.0,0.0,0.0,0.0,0.0,0.0,0.0,0.0,0.0,0.0,0.0,0.0,0.0,0.0,2,332,4,0,0,4,2.0,0.0,0.0,2.0,12.048192771084338,1
7438888,1,0.0,0.0,0.0,0.0,0.0,0.0,0.0,0.0,0.0,0.0,0.0,0.0,0.0,0.0,0.0,0.0,0.0,0.0,0.0,0.0,2,875,0,0,0,0,0.0,0.0,0.0,0.0,0.0,0
7441885,1,0.0,0.0,0.0,0.0,0.0,0.0,0.0,0.0,0.0,0.0,0.0,0.0,0.0,0.0,0.0,0.0,0.0,0.0,0.0,0.0,1,79,0,0,0,0,0.0,0.0,0.0,0.0,0.0,0
7442110,1,0.1,0.2,0.1,0.2,0.0,0.0,0.0,0.0,0.0,0.0,0.0,0.0,0.0,0.0,0.0,0.0,0.0,0.0,0.0,0.0,2,196,1,0,0,1,0.5,0.0,0.0,0.5,5.1020408163265305,1
7452962,1,0.0,0.0,0.0,0.0,0.0285714285714285,0.4,0.1030157507275425,0.4,0.0214285714285714,0.3,0.0772618130456569,0.3,0.0,0.0,0.0,0.0,0.0,0.0,0.0,0.0,14,4598,56,17,3,76,4.0,1.2142857142857142,0.21428571428571427,5.428571428571429,16.528925619834713,1
7460657,1,0.0,0.0,0.0,0.0,0.0,0.0,0.0,0.0,0.0,0.0,0.0,0.0,0.0,0.0,0.0,0.0,0.0,0.0,0.0,0.0,1,145,3,0,0,3,3.0,0.0,0.0,3.0,20.689655172413794,1
7461788,0,0.0,0.0,0.0,0.0,0.0,0.0,0.0,0.0,0.0,0.0,0.0,0.0,0.0,0.0,0.0,0.0,0.0,0.0,0.0,0.0,4,423,3,0,0,3,0.75,0.0,0.0,0.75,7.092198581560283,1
7464129,1,0.0,0.0,0.0,0.0,0.0,0.0,0.0,0.0,0.0,0.0,0.0,0.0,0.15,0.3,0.15,0.3,0.0,0.0,0.0,0.0,2,564,10,4,1,15,5.0,2.0,0.5,7.5,26.595744680851062,1
7484216,0,0.0,0.0,0.0,0.0,0.0075471698113207,0.4,0.0544234154787017,0.4,0.0,0.0,0.0,0.0,0.0339622641509433,0.6,0.1114965034165596,1.7999999999999998,0.0,0.0,0.0,0.0,53,12687,34,9,1,44,0.6415094339622641,0.16981132075471697,0.018867924528301886,0.8301886792452831,3.4681169701269012,1
7488839,0,0.0,0.0,0.0,0.0,0.0122994652406417,0.4,0.062979125221122,2.3,0.0016042780748663,0.3,0.0218794358775174,0.3,0.020855614973262,0.6,0.0880162570546216,3.9,0.0,0.0,0.0,0.0,187,54645,95,17,5,117,0.5080213903743316,0.09090909090909091,0.026737967914438502,0.6256684491978609,2.1410925061762285,1
7509889,1,0.0,0.0,0.0,0.0,0.0,0.0,0.0,0.0,0.0,0.0,0.0,0.0,0.15,0.3,0.15,0.3,0.0,0.0,0.0,0.0,2,441,13,3,1,17,6.5,1.5,0.5,8.5,38.548752834467116,1
7509910,1,0.0,0.0,0.0,0.0,0.0,0.0,0.0,0.0,0.0,0.0,0.0,0.0,0.15,0.3,0.15,0.3,0.0,0.0,0.0,0.0,2,408,6,0,0,6,3.0,0.0,0.0,3.0,14.705882352941176,1
7513463,0,0.04,0.2,0.08,0.2,0.0,0.0,0.0,0.0,0.0,0.0,0.0,0.0,0.0,0.0,0.0,0.0,0.0,0.0,0.0,0.0,5,1051,1,1,1,3,0.2,0.2,0.2,0.6,2.8544243577545196,1
7514976,1,0.0,0.0,0.0,0.0,0.0272727272727272,0.3,0.0862439361864103,0.3,0.0,0.0,0.0,0.0,0.0,0.0,0.0,0.0,0.0,0.0,0.0,0.0,11,4914,9,0,0,9,0.8181818181818182,0.0,0.0,0.8181818181818182,1.8315018315018314,1
7533902,0,0.0,0.0,0.0,0.0,0.0,0.0,0.0,0.0,0.0,0.0,0.0,0.0,0.0,0.0,0.0,0.0,0.0,0.0,0.0,0.0,1,96,0,0,0,0,0.0,0.0,0.0,0.0,0.0,0
7535249,1,0.0,0.0,0.0,0.0,0.0,0.0,0.0,0.0,0.0,0.0,0.0,0.0,0.0,0.0,0.0,0.0,0.0,0.0,0.0,0.0,1,256,6,5,0,11,6.0,5.0,0.0,11.0,42.96875,1
7537420,1,0.0,0.0,0.0,0.0,0.0521739130434782,0.4,0.1347124642159101,1.2000000000000002,0.0130434782608695,0.3,0.0611793359976969,0.3,0.0,0.0,0.0,0.0,0.0,0.0,0.0,0.0,23,10231,114,0,3,117,4.956521739130435,0.0,0.13043478260869565,5.086956521739131,11.435832274459974,1
7543770,1,0.0,0.0,0.0,0.0,0.0,0.0,0.0,0.0,0.0,0.0,0.0,0.0,0.0,0.0,0.0,0.0,0.0,0.0,0.0,0.0,1,112,2,0,0,2,2.0,0.0,0.0,2.0,17.857142857142858,1
7543787,1,0.0,0.0,0.0,0.0,0.0,0.0,0.0,0.0,0.0,0.0,0.0,0.0,0.0,0.0,0.0,0.0,0.0,0.0,0.0,0.0,1,115,2,0,0,2,2.0,0.0,0.0,2.0,17.391304347826086,1
7550391,0,0.0,0.0,0.0,0.0,0.0,0.0,0.0,0.0,0.0391304347826086,0.3,0.1010343481619326,0.8999999999999999,0.0,0.0,0.0,0.0,0.0,0.0,0.0,0.0,23,4124,21,3,0,24,0.9130434782608695,0.13043478260869565,0.0,1.0434782608695652,5.819592628516004,1
7562569,0,0.0,0.0,0.0,0.0,0.0,0.0,0.0,0.0,0.075,0.3,0.1299038105676657,0.3,0.0,0.0,0.0,0.0,0.0,0.0,0.0,0.0,4,2037,28,23,0,51,7.0,5.75,0.0,12.75,25.03681885125184,1
7562893,0,0.0,0.0,0.0,0.0,0.0,0.0,0.0,0.0,0.0,0.0,0.0,0.0,0.0,0.0,0.0,0.0,0.0,0.0,0.0,0.0,1,282,1,0,0,1,1.0,0.0,0.0,1.0,3.5460992907801416,1
7563225,1,0.0,0.0,0.0,0.0,0.0,0.0,0.0,0.0,0.0,0.0,0.0,0.0,0.0,0.0,0.0,0.0,0.0,0.0,0.0,0.0,1,62,2,0,0,2,2.0,0.0,0.0,2.0,32.25806451612903,1
7563232,1,0.0,0.0,0.0,0.0,0.0,0.0,0.0,0.0,0.0,0.0,0.0,0.0,0.0,0.0,0.0,0.0,0.0,0.0,0.0,0.0,1,64,1,0,0,1,1.0,0.0,0.0,1.0,15.625,1
7564714,1,0.0,0.0,0.0,0.0,0.0,0.0,0.0,0.0,0.0,0.0,0.0,0.0,0.0,0.0,0.0,0.0,0.0,0.0,0.0,0.0,54,12481,300,16,1,317,5.555555555555555,0.2962962962962963,0.018518518518518517,5.87037037037037,25.398605880939026,1
7567936,1,0.0,0.0,0.0,0.0,0.0,0.0,0.0,0.0,0.0,0.0,0.0,0.0,0.0,0.0,0.0,0.0,0.0,0.0,0.0,0.0,3,1545,9,10,0,19,3.0,3.3333333333333335,0.0,6.333333333333333,12.297734627831716,1
7568068,1,0.0,0.0,0.0,0.0,0.0,0.0,0.0,0.0,0.0,0.0,0.0,0.0,0.0,0.0,0.0,0.0,0.0,0.0,0.0,0.0,3,681,1,0,0,1,0.3333333333333333,0.0,0.0,0.3333333333333333,1.4684287812041115,1
7569399,1,0.0,0.0,0.0,0.0,0.0571428571428571,0.4,0.139970842444753,0.4,0.0857142857142857,0.3,0.1355261854357876,0.6,0.0,0.0,0.0,0.0,0.0,0.0,0.0,0.0,7,3670,12,14,0,26,1.7142857142857142,2.0,0.0,3.7142857142857144,7.084468664850136,1
7580265,1,0.0,0.0,0.0,0.0,0.0,0.0,0.0,0.0,0.0,0.0,0.0,0.0,0.0,0.0,0.0,0.0,0.0,0.0,0.0,0.0,1,98,0,0,0,0,0.0,0.0,0.0,0.0,0.0,0
7585251,0,0.0,0.0,0.0,0.0,0.0111455108359133,0.3,0.0567400285422957,7.199999999999999,0.0088235294117647,0.3,0.0506873174694531,5.7,0.0046439628482972,0.6,0.0469844205694429,3.0,0.0,0.0,0.0,0.0,646,116840,505,184,35,724,0.781733746130031,0.2848297213622291,0.05417956656346749,1.1207430340557276,6.196508045190003,1
7590752,0,0.0,0.0,0.0,0.0,0.0,0.0,0.0,0.0,0.0,0.0,0.0,0.0,0.0,0.0,0.0,0.0,0.0,0.0,0.0,0.0,1,362,3,0,0,3,3.0,0.0,0.0,3.0,8.287292817679557,1
7596661,1,0.0,0.0,0.0,0.0,0.0,0.0,0.0,0.0,0.0,0.0,0.0,0.0,0.0,0.0,0.0,0.0,0.0,0.0,0.0,0.0,3,1430,15,15,0,30,5.0,5.0,0.0,10.0,20.97902097902098,1
7596954,1,0.0,0.0,0.0,0.0,0.0,0.0,0.0,0.0,0.0,0.0,0.0,0.0,0.0,0.0,0.0,0.0,0.0,0.0,0.0,0.0,4,1553,15,5,0,20,3.75,1.25,0.0,5.0,12.8783000643915,1
7605943,0,0.0,0.0,0.0,0.0,0.0196721311475409,0.4,0.0864977439886748,2.4000000000000004,0.0393442622950819,0.3,0.101268493190036,4.799999999999999,0.0024590163934426,0.3,0.0270491803278688,0.3,0.0,0.0,0.0,0.0,122,25497,132,40,0,172,1.0819672131147542,0.32786885245901637,0.0,1.4098360655737705,6.745891673530219,1
7607633,1,0.0,0.0,0.0,0.0,0.0,0.0,0.0,0.0,0.0,0.0,0.0,0.0,0.0,0.0,0.0,0.0,0.0,0.0,0.0,0.0,2,372,3,0,0,3,1.5,0.0,0.0,1.5,8.064516129032258,1
7611335,0,0.0023529411764705,0.2,0.0215650620939098,0.2,0.0,0.0,0.0,0.0,0.0035294117647058,0.3,0.0323475931408647,0.3,0.0352941176470588,0.6,0.1070523592101395,3.0,0.0,0.0,0.0,0.0,85,20622,26,4,6,36,0.3058823529411765,0.047058823529411764,0.07058823529411765,0.4235294117647059,1.7457084666860634,1
7614404,0,0.0,0.0,0.0,0.0,0.0,0.0,0.0,0.0,0.0,0.0,0.0,0.0,0.0,0.0,0.0,0.0,0.0,0.0,0.0,0.0,1,230,1,0,0,1,1.0,0.0,0.0,1.0,4.3478260869565215,1
7623233,0,0.0444444444444444,0.2,0.0831479419283098,0.4,0.0,0.0,0.0,0.0,0.0,0.0,0.0,0.0,0.0,0.0,0.0,0.0,0.0,0.0,0.0,0.0,9,1084,15,0,0,15,1.6666666666666667,0.0,0.0,1.6666666666666667,13.837638376383763,1
7624900,0,0.0,0.0,0.0,0.0,0.0085106382978723,0.4,0.0577219573031937,0.4,0.0191489361702127,0.3,0.0733348422962301,0.8999999999999999,0.0063829787234042,0.3,0.0432914679773953,0.3,0.0,0.0,0.0,0.0,47,7780,72,14,6,92,1.5319148936170213,0.2978723404255319,0.1276595744680851,1.9574468085106382,11.825192802056554,1
7626194,0,0.0,0.0,0.0,0.0,0.0,0.0,0.0,0.0,0.0,0.0,0.0,0.0,0.0,0.0,0.0,0.0,0.0,0.0,0.0,0.0,1,174,1,0,0,1,1.0,0.0,0.0,1.0,5.747126436781609,1
7630122,0,0.0016597510373443,0.2,0.0181437436589837,0.4,0.0,0.0,0.0,0.0,0.0298755186721991,0.3,0.0898337853244915,7.199999999999999,0.0261410788381742,0.6,0.088914878481802,6.3,0.0,0.0,0.0,0.0,241,37279,149,25,4,178,0.6182572614107884,0.1037344398340249,0.016597510373443983,0.7385892116182573,4.774806191153196,1
7630216,1,0.0,0.0,0.0,0.0,0.0,0.0,0.0,0.0,0.0,0.0,0.0,0.0,0.0,0.0,0.0,0.0,0.0,0.0,0.0,0.0,1,491,2,0,0,2,2.0,0.0,0.0,2.0,4.0733197556008145,1
7635412,0,0.0,0.0,0.0,0.0,0.0,0.0,0.0,0.0,0.15,0.3,0.15,0.3,0.0,0.0,0.0,0.0,0.0,0.0,0.0,0.0,2,209,3,0,0,3,1.5,0.0,0.0,1.5,14.354066985645934,1
7635581,0,0.0,0.0,0.0,0.0,0.0285714285714285,0.4,0.1030157507275425,0.8,0.0214285714285714,0.3,0.0772618130456569,0.6,0.0107142857142857,0.3,0.0556730616718567,0.3,0.0,0.0,0.0,0.0,28,5472,57,17,3,77,2.0357142857142856,0.6071428571428571,0.10714285714285714,2.75,14.071637426900583,1
7635689,0,0.0,0.0,0.0,0.0,0.0421052631578947,0.4,0.1227568819967431,0.8,0.0,0.0,0.0,0.0,0.0,0.0,0.0,0.0,0.0,0.0,0.0,0.0,19,3899,80,10,2,92,4.2105263157894735,0.5263157894736842,0.10526315789473684,4.842105263157895,23.595793793280325,1
7636244,1,0.0,0.0,0.0,0.0,0.2,0.4,0.2,0.4,0.0,0.0,0.0,0.0,0.0,0.0,0.0,0.0,0.0,0.0,0.0,0.0,2,426,0,2,0,2,0.0,1.0,0.0,1.0,4.694835680751174,1
7636842,1,0.0,0.0,0.0,0.0,0.15,0.3,0.15,0.6,0.075,0.3,0.1299038105676657,0.3,0.0,0.0,0.0,0.0,0.0,0.0,0.0,0.0,4,6444,26,0,0,26,6.5,0.0,0.0,6.5,4.034761018001242,1
7637868,1,0.0,0.0,0.0,0.0,0.0,0.0,0.0,0.0,0.075,0.3,0.1299038105676657,0.3,0.15,0.3,0.15,0.6,0.0,0.0,0.0,0.0,4,697,16,0,0,16,4.0,0.0,0.0,4.0,22.95552367288379,1
7637869,1,0.0,0.0,0.0,0.0,0.0,0.0,0.0,0.0,0.0,0.0,0.0,0.0,0.0,0.0,0.0,0.0,0.0,0.0,0.0,0.0,2,447,11,0,0,11,5.5,0.0,0.0,5.5,24.608501118568235,1
7638056,0,0.05,0.2,0.0866025403784438,0.2,0.1,0.4,0.1732050807568877,0.4,0.0,0.0,0.0,0.0,0.0,0.0,0.0,0.0,0.0,0.0,0.0,0.0,4,1365,26,5,7,38,6.5,1.25,1.75,9.5,27.83882783882784,1
7638642,1,0.0,0.0,0.0,0.0,0.0,0.0,0.0,0.0,0.0,0.0,0.0,0.0,0.0,0.0,0.0,0.0,0.0,0.0,0.0,0.0,1,139,4,1,0,5,4.0,1.0,0.0,5.0,35.97122302158273,1
7639098,1,0.0,0.0,0.0,0.0,0.2,0.4,0.2,0.8,0.0,0.0,0.0,0.0,0.0,0.0,0.0,0.0,0.0,0.0,0.0,0.0,4,187,2,0,0,2,0.5,0.0,0.0,0.5,10.695187165775401,1
7639183,1,0.0,0.0,0.0,0.0,0.4,0.4,0.0,0.8,0.0,0.0,0.0,0.0,0.0,0.0,0.0,0.0,0.0,0.0,0.0,0.0,2,66,2,0,0,2,1.0,0.0,0.0,1.0,30.303030303030305,1
7641659,0,0.0,0.0,0.0,0.0,0.0065217391304347,0.3,0.0437491560815176,0.8999999999999999,0.0065217391304347,0.3,0.0437491560815176,0.8999999999999999,0.0217391304347826,0.6,0.0930475415610117,3.0,0.0,0.0,0.0,0.0,138,46764,307,66,0,373,2.2246376811594204,0.4782608695652174,0.0,2.7028985507246377,7.97622102471987,1
7643249,1,0.0,0.0,0.0,0.0,0.0,0.0,0.0,0.0,0.0,0.0,0.0,0.0,0.0,0.0,0.0,0.0,0.0,0.0,0.0,0.0,1,215,2,0,1,3,2.0,0.0,1.0,3.0,13.953488372093023,1
7644994,0,0.0,0.0,0.0,0.0,0.0,0.0,0.0,0.0,0.0,0.0,0.0,0.0,0.3,0.3,0.0,0.3,0.0,0.0,0.0,0.0,1,158,4,1,0,5,4.0,1.0,0.0,5.0,31.645569620253166,1
7646848,0,0.0,0.0,0.0,0.0,0.0347826086956521,0.4,0.1127085338853541,4.0,0.0078260869565217,0.3,0.0478181811647565,0.8999999999999999,0.0234782608695652,0.6,0.0897633940908796,2.7,0.0,0.0,0.0,0.0,115,10164,75,41,2,118,0.6521739130434783,0.3565217391304348,0.017391304347826087,1.0260869565217392,11.609602518693428,1
7648259,0,0.0,0.0,0.0,0.0,0.053125,0.3,0.1145217637613043,5.1,0.0499999999999999,0.3,0.1118033988749894,4.8,0.009375,0.6,0.0678204200444084,0.8999999999999999,0.0,0.0,0.0,0.0,96,39627,142,84,3,229,1.4791666666666667,0.875,0.03125,2.3854166666666665,5.778888131829308,1
7651627,0,0.0758620689655172,0.2,0.0970430846860019,2.2,0.0275862068965517,0.4,0.101358196253097,0.8,0.0413793103448275,0.3,0.1034482758620689,1.2,0.0,0.0,0.0,0.0,0.0,0.0,0.0,0.0,29,5358,65,3,4,72,2.2413793103448274,0.10344827586206896,0.13793103448275862,2.4827586206896552,13.437849944008958,1
7652015,0,0.0,0.0,0.0,0.0,0.0,0.0,0.0,0.0,0.0,0.0,0.0,0.0,0.0,0.0,0.0,0.0,0.0,0.0,0.0,0.0,1,245,4,0,0,4,4.0,0.0,0.0,4.0,16.3265306122449,1
7652330,1,0.0,0.0,0.0,0.0,0.0,0.0,0.0,0.0,0.0,0.0,0.0,0.0,0.0,0.0,0.0,0.0,0.0,0.0,0.0,0.0,2,276,6,0,0,6,3.0,0.0,0.0,3.0,21.73913043478261,1
7652357,1,0.0,0.0,0.0,0.0,0.0,0.0,0.0,0.0,0.0,0.0,0.0,0.0,0.0,0.0,0.0,0.0,0.0,0.0,0.0,0.0,3,940,14,12,0,26,4.666666666666667,4.0,0.0,8.666666666666666,27.659574468085104,1
7652748,0,0.0,0.0,0.0,0.0,0.0,0.0,0.0,0.0,0.02,0.3,0.0748331477354788,0.3,0.0,0.0,0.0,0.0,0.0,0.0,0.0,0.0,15,3447,4,2,0,6,0.26666666666666666,0.13333333333333333,0.0,0.4,1.7406440382941688,1
7652770,1,0.0,0.0,0.0,0.0,0.025,0.4,0.0968245836551854,0.4,0.0,0.0,0.0,0.0,0.0,0.0,0.0,0.0,0.0,0.0,0.0,0.0,16,7845,103,0,2,105,6.4375,0.0,0.125,6.5625,13.38432122370937,1
7653328,1,0.0,0.0,0.0,0.0,0.0,0.0,0.0,0.0,0.0,0.0,0.0,0.0,0.0,0.0,0.0,0.0,0.0,0.0,0.0,0.0,1,139,1,0,0,1,1.0,0.0,0.0,1.0,7.194244604316547,1
7653376,1,0.0,0.0,0.0,0.0,0.0,0.0,0.0,0.0,0.0,0.0,0.0,0.0,0.0,0.0,0.0,0.0,0.0,0.0,0.0,0.0,2,291,4,1,0,5,2.0,0.5,0.0,2.5,17.182130584192443,1
7653380,1,0.0,0.0,0.0,0.0,0.0,0.0,0.0,0.0,0.0,0.0,0.0,0.0,0.0,0.0,0.0,0.0,0.0,0.0,0.0,0.0,1,120,0,0,0,0,0.0,0.0,0.0,0.0,0.0,0
7654624,1,0.0,0.0,0.0,0.0,0.1333333333333333,0.4,0.1885618083164127,0.8,0.0,0.0,0.0,0.0,0.0,0.0,0.0,0.0,0.0,0.0,0.0,0.0,6,663,1,3,0,4,0.16666666666666666,0.5,0.0,0.6666666666666666,6.033182503770739,1
7654626,1,0.0,0.0,0.0,0.0,0.0666666666666666,0.4,0.1490711984999859,0.4,0.0,0.0,0.0,0.0,0.0,0.0,0.0,0.0,0.0,0.0,0.0,0.0,6,810,2,2,0,4,0.3333333333333333,0.3333333333333333,0.0,0.6666666666666666,4.938271604938271,1
7654634,1,0.0,0.0,0.0,0.0,0.075,0.3,0.1299038105676657,0.3,0.15,0.3,0.15,0.6,0.0,0.0,0.0,0.0,0.0,0.0,0.0,0.0,4,3803,2,0,0,2,0.5,0.0,0.0,0.5,0.5259006047856956,1
7654652,1,0.0,0.0,0.0,0.0,0.0,0.0,0.0,0.0,0.0,0.0,0.0,0.0,0.0,0.0,0.0,0.0,0.0,0.0,0.0,0.0,2,2329,1,0,0,1,0.5,0.0,0.0,0.5,0.42936882782310004,1
7655414,1,0.0,0.0,0.0,0.0,0.0,0.0,0.0,0.0,0.3,0.3,0.0,0.3,0.0,0.0,0.0,0.0,0.0,0.0,0.0,0.0,1,149,1,2,0,3,1.0,2.0,0.0,3.0,20.13422818791946,1
7655418,1,0.0,0.0,0.0,0.0,0.0,0.0,0.0,0.0,0.06,0.3,0.12,0.3,0.06,0.3,0.12,0.3,0.0,0.0,0.0,0.0,5,1304,2,2,0,4,0.4,0.4,0.0,0.8,3.067484662576687,1
7655422,1,0.0,0.0,0.0,0.0,0.0333333333333333,0.3,0.0942809041582063,0.3,0.0333333333333333,0.3,0.0942809041582063,0.3,0.0,0.0,0.0,0.0,0.0,0.0,0.0,0.0,9,16782,2,0,0,2,0.2222222222222222,0.0,0.0,0.2222222222222222,0.11917530687641521,1
7655423,1,0.0,0.0,0.0,0.0,0.0,0.0,0.0,0.0,0.0461538461538461,0.3,0.1082403636882329,0.6,0.0692307692307692,0.3,0.1263975132704229,0.8999999999999999,0.0,0.0,0.0,0.0,13,3409,3,6,1,10,0.23076923076923078,0.46153846153846156,0.07692307692307693,0.7692307692307693,2.933411557641537,1
7655433,1,0.0,0.0,0.0,0.0,0.04,0.4,0.12,0.4,0.06,0.3,0.12,0.6,0.0,0.0,0.0,0.0,0.0,0.0,0.0,0.0,10,4174,3,0,0,3,0.3,0.0,0.0,0.3,0.7187350263536176,1
7655459,1,0.0,0.0,0.0,0.0,0.0,0.0,0.0,0.0,0.06,0.3,0.12,0.3,0.0,0.0,0.0,0.0,0.0,0.0,0.0,0.0,5,1364,3,0,0,3,0.6,0.0,0.0,0.6,2.1994134897360706,1
7656365,1,0.0,0.0,0.0,0.0,0.0,0.0,0.0,0.0,0.0,0.0,0.0,0.0,0.0,0.0,0.0,0.0,0.0,0.0,0.0,0.0,1,214,2,1,0,3,2.0,1.0,0.0,3.0,14.018691588785046,1
7656447,1,0.0,0.0,0.0,0.0,0.0,0.0,0.0,0.0,0.0,0.0,0.0,0.0,0.0,0.0,0.0,0.0,0.0,0.0,0.0,0.0,1,288,4,0,0,4,4.0,0.0,0.0,4.0,13.888888888888888,1
7656739,1,0.0,0.0,0.0,0.0,0.0,0.0,0.0,0.0,0.0,0.0,0.0,0.0,0.0,0.0,0.0,0.0,0.0,0.0,0.0,0.0,2,394,4,0,0,4,2.0,0.0,0.0,2.0,10.15228426395939,1
7656930,0,0.0,0.0,0.0,0.0,0.0,0.0,0.0,0.0,0.0,0.0,0.0,0.0,0.6,0.6,0.0,0.6,0.0,0.0,0.0,0.0,1,271,0,0,0,0,0.0,0.0,0.0,0.0,0.0,0
7657024,0,0.0,0.0,0.0,0.0,0.0,0.0,0.0,0.0,0.0,0.0,0.0,0.0,0.0,0.0,0.0,0.0,0.0,0.0,0.0,0.0,1,256,4,0,0,4,4.0,0.0,0.0,4.0,15.625,1
7657124,1,0.0,0.0,0.0,0.0,0.0,0.0,0.0,0.0,0.0,0.0,0.0,0.0,0.6,0.6,0.0,0.6,0.0,0.0,0.0,0.0,1,155,2,0,0,2,2.0,0.0,0.0,2.0,12.903225806451612,1
7657766,1,0.0,0.0,0.0,0.0,0.12,0.4,0.1833030277982336,2.4,0.0,0.0,0.0,0.0,0.015,0.3,0.0653834841531101,0.3,0.0,0.0,0.0,0.0,20,2661,6,0,0,6,0.3,0.0,0.0,0.3,2.254791431792559,1
7658200,0,0.0133333333333333,0.2,0.0498887651569858,0.2,0.04,0.3,0.1019803902718556,0.6,0.04,0.3,0.1019803902718557,0.6,0.0,0.0,0.0,0.0,0.0,0.0,0.0,0.0,15,3647,6,2,0,8,0.4,0.13333333333333333,0.0,0.5333333333333333,2.1935837674801206,1
7659920,0,0.0,0.0,0.0,0.0,0.0,0.0,0.0,0.0,0.0,0.0,0.0,0.0,0.0,0.0,0.0,0.0,0.0,0.0,0.0,0.0,1,232,0,0,0,0,0.0,0.0,0.0,0.0,0.0,0
7660211,0,0.0,0.0,0.0,0.0,0.0,0.0,0.0,0.0,0.0,0.0,0.0,0.0,0.0,0.0,0.0,0.0,0.0,0.0,0.0,0.0,3,584,0,0,0,0,0.0,0.0,0.0,0.0,0.0,0
7661524,0,0.0363636363636363,0.4,0.106794001131552,1.6,0.009090909090909,0.4,0.0596130774936545,0.4,0.0204545454545454,0.3,0.0756172943618823,0.8999999999999999,0.0068181818181818,0.3,0.0447098081202409,0.3,0.0,0.0,0.0,0.0,44,5564,52,6,1,59,1.1818181818181819,0.13636363636363635,0.022727272727272728,1.3409090909090908,10.603882099209201,1
7663552,1,0.0,0.0,0.0,0.0,0.0,0.0,0.0,0.0,0.0,0.0,0.0,0.0,0.0,0.0,0.0,0.0,0.0,0.0,0.0,0.0,1,271,1,3,0,4,1.0,3.0,0.0,4.0,14.760147601476014,1
7664145,1,0.0,0.0,0.0,0.0,0.0,0.0,0.0,0.0,0.0,0.0,0.0,0.0,0.0,0.0,0.0,0.0,0.0,0.0,0.0,0.0,2,781,8,0,0,8,4.0,0.0,0.0,4.0,10.243277848911651,1
7664740,1,0.04,0.6000000000000001,0.1496662954709576,0.6000000000000001,0.0533333333333333,0.4,0.1359738536958076,0.8,0.0,0.0,0.0,0.0,0.0,0.0,0.0,0.0,0.0,0.0,0.0,0.0,15,8675,58,27,0,85,3.8666666666666667,1.8,0.0,5.666666666666667,9.798270893371757,1
7667285,1,0.0,0.0,0.0,0.0,0.0,0.0,0.0,0.0,0.0,0.0,0.0,0.0,0.0,0.0,0.0,0.0,0.0,0.0,0.0,0.0,1,138,0,0,0,0,0.0,0.0,0.0,0.0,0.0,0
7667288,0,0.04,0.2,0.08,0.4,0.0,0.0,0.0,0.0,0.0,0.0,0.0,0.0,0.0,0.0,0.0,0.0,0.0,0.0,0.0,0.0,10,2103,50,0,2,52,5.0,0.0,0.2,5.2,24.726581074655254,1
7668431,1,0.0,0.0,0.0,0.0,0.0,0.0,0.0,0.0,0.0,0.0,0.0,0.0,0.0,0.0,0.0,0.0,0.0,0.0,0.0,0.0,3,1137,8,0,0,8,2.6666666666666665,0.0,0.0,2.6666666666666665,7.036059806508356,1
7670894,0,0.0,0.0,0.0,0.0,0.0,0.0,0.0,0.0,0.0,0.0,0.0,0.0,0.0,0.0,0.0,0.0,0.0,0.0,0.0,0.0,7,1510,11,0,0,11,1.5714285714285714,0.0,0.0,1.5714285714285714,7.284768211920531,1
7671691,1,0.2,0.2,0.0,0.2,0.0,0.0,0.0,0.0,0.0,0.0,0.0,0.0,0.0,0.0,0.0,0.0,0.0,0.0,0.0,0.0,1,338,8,0,0,8,8.0,0.0,0.0,8.0,23.668639053254438,1
7672051,0,0.0,0.0,0.0,0.0,0.0,0.0,0.0,0.0,0.0,0.0,0.0,0.0,0.0,0.0,0.0,0.0,0.0,0.0,0.0,0.0,2,539,7,0,1,8,3.5,0.0,0.5,4.0,14.84230055658627,1
7673411,1,0.0,0.0,0.0,0.0,0.0,0.0,0.0,0.0,0.0,0.0,0.0,0.0,0.0,0.0,0.0,0.0,0.0,0.0,0.0,0.0,1,166,3,0,0,3,3.0,0.0,0.0,3.0,18.072289156626507,1
7674696,1,0.0,0.0,0.0,0.0,0.0,0.0,0.0,0.0,0.0,0.0,0.0,0.0,0.0,0.0,0.0,0.0,0.0,0.0,0.0,0.0,1,189,2,0,0,2,2.0,0.0,0.0,2.0,10.582010582010582,1
7674700,1,0.0,0.0,0.0,0.0,0.0,0.0,0.0,0.0,0.0,0.0,0.0,0.0,0.0,0.0,0.0,0.0,0.0,0.0,0.0,0.0,1,205,2,0,0,2,2.0,0.0,0.0,2.0,9.75609756097561,1
7675682,0,0.0,0.0,0.0,0.0,0.0,0.0,0.0,0.0,0.0,0.0,0.0,0.0,0.0,0.0,0.0,0.0,0.0,0.0,0.0,0.0,10,815,8,0,0,8,0.8,0.0,0.0,0.8,9.815950920245399,1
7676224,1,0.0,0.0,0.0,0.0,0.0,0.0,0.0,0.0,0.0,0.0,0.0,0.0,0.0,0.0,0.0,0.0,0.0,0.0,0.0,0.0,1,122,0,1,0,1,0.0,1.0,0.0,1.0,8.196721311475411,1
7676237,1,0.0,0.0,0.0,0.0,0.0,0.0,0.0,0.0,0.0,0.0,0.0,0.0,0.0,0.0,0.0,0.0,0.0,0.0,0.0,0.0,1,142,2,1,0,3,2.0,1.0,0.0,3.0,21.12676056338028,1
7676261,1,0.0,0.0,0.0,0.0,0.0,0.0,0.0,0.0,0.0,0.0,0.0,0.0,0.0,0.0,0.0,0.0,0.0,0.0,0.0,0.0,1,245,3,0,0,3,3.0,0.0,0.0,3.0,12.244897959183673,1
7676289,1,0.0,0.0,0.0,0.0,0.0,0.0,0.0,0.0,0.0,0.0,0.0,0.0,0.0,0.0,0.0,0.0,0.0,0.0,0.0,0.0,1,114,3,0,0,3,3.0,0.0,0.0,3.0,26.31578947368421,1
7677803,1,0.0,0.0,0.0,0.0,0.0,0.0,0.0,0.0,0.0,0.0,0.0,0.0,0.3,0.3,0.0,0.3,0.0,0.0,0.0,0.0,1,117,2,0,0,2,2.0,0.0,0.0,2.0,17.094017094017097,1
7677818,1,0.0,0.0,0.0,0.0,0.0,0.0,0.0,0.0,0.0,0.0,0.0,0.0,0.0,0.0,0.0,0.0,0.0,0.0,0.0,0.0,1,105,3,0,0,3,3.0,0.0,0.0,3.0,28.57142857142857,1
7677822,1,0.0,0.0,0.0,0.0,0.0,0.0,0.0,0.0,0.0,0.0,0.0,0.0,0.0,0.0,0.0,0.0,0.0,0.0,0.0,0.0,1,115,2,0,0,2,2.0,0.0,0.0,2.0,17.391304347826086,1
7678030,0,0.0,0.0,0.0,0.0,0.0,0.0,0.0,0.0,0.0,0.0,0.0,0.0,0.0999999999999999,0.3,0.1414213562373095,0.3,0.0,0.0,0.0,0.0,3,1098,6,0,0,6,2.0,0.0,0.0,2.0,5.46448087431694,1
7678511,0,0.0,0.0,0.0,0.0,0.0,0.0,0.0,0.0,0.0,0.0,0.0,0.0,0.3,0.3,0.0,0.6,0.0,0.0,0.0,0.0,2,352,9,0,0,9,4.5,0.0,0.0,4.5,25.56818181818182,1
7679158,0,0.0666666666666666,0.2,0.0942809041582063,0.2,0.0,0.0,0.0,0.0,0.0,0.0,0.0,0.0,0.0999999999999999,0.3,0.1414213562373095,0.3,0.0,0.0,0.0,0.0,3,752,10,0,0,10,3.3333333333333335,0.0,0.0,3.3333333333333335,13.297872340425531,1
7679454,1,0.0,0.0,0.0,0.0,0.0,0.0,0.0,0.0,0.0,0.0,0.0,0.0,0.0,0.0,0.0,0.0,0.0,0.0,0.0,0.0,1,223,2,0,0,2,2.0,0.0,0.0,2.0,8.968609865470851,1
7679456,1,0.0,0.0,0.0,0.0,0.0,0.0,0.0,0.0,0.0,0.0,0.0,0.0,0.0,0.0,0.0,0.0,0.0,0.0,0.0,0.0,1,233,4,0,0,4,4.0,0.0,0.0,4.0,17.167381974248926,1
7679464,1,0.0,0.0,0.0,0.0,0.0,0.0,0.0,0.0,0.0,0.0,0.0,0.0,0.0,0.0,0.0,0.0,0.0,0.0,0.0,0.0,1,128,5,0,0,5,5.0,0.0,0.0,5.0,39.0625,1
7679470,1,0.0,0.0,0.0,0.0,0.4,0.4,0.0,0.4,0.0,0.0,0.0,0.0,0.0,0.0,0.0,0.0,0.0,0.0,0.0,0.0,1,21,0,0,0,0,0.0,0.0,0.0,0.0,0.0,0
7679484,1,0.0,0.0,0.0,0.0,0.4,0.4,0.0,0.4,0.0,0.0,0.0,0.0,0.0,0.0,0.0,0.0,0.0,0.0,0.0,0.0,1,51,1,0,0,1,1.0,0.0,0.0,1.0,19.607843137254903,1
7679555,1,0.0,0.0,0.0,0.0,0.0,0.0,0.0,0.0,0.0,0.0,0.0,0.0,0.0,0.0,0.0,0.0,0.0,0.0,0.0,0.0,1,83,4,0,0,4,4.0,0.0,0.0,4.0,48.19277108433735,1
7679557,1,0.0,0.0,0.0,0.0,0.0,0.0,0.0,0.0,0.0,0.0,0.0,0.0,0.0,0.0,0.0,0.0,0.0,0.0,0.0,0.0,1,164,4,0,0,4,4.0,0.0,0.0,4.0,24.390243902439025,1
7681039,0,0.0,0.0,0.0,0.0,0.4,0.4,0.0,0.8,0.0,0.0,0.0,0.0,0.0,0.0,0.0,0.0,0.0,0.0,0.0,0.0,2,76,3,0,0,3,1.5,0.0,0.0,1.5,39.473684210526315,1
7681567,1,0.0,0.0,0.0,0.0,0.0,0.0,0.0,0.0,0.0,0.0,0.0,0.0,0.0,0.0,0.0,0.0,0.0,0.0,0.0,0.0,1,105,4,0,0,4,4.0,0.0,0.0,4.0,38.0952380952381,1
7684360,0,0.0,0.0,0.0,0.0,0.4000000000000001,0.4,5.551115123125783e-17,1.2000000000000002,0.0,0.0,0.0,0.0,0.0,0.0,0.0,0.0,0.0,0.0,0.0,0.0,3,122,3,0,0,3,1.0,0.0,0.0,1.0,24.59016393442623,1
7686630,1,0.0,0.0,0.0,0.0,0.0,0.0,0.0,0.0,0.0,0.0,0.0,0.0,0.0,0.0,0.0,0.0,0.0,0.0,0.0,0.0,1,68,1,0,0,1,1.0,0.0,0.0,1.0,14.705882352941176,1
7686644,1,0.0,0.0,0.0,0.0,0.0,0.0,0.0,0.0,0.0,0.0,0.0,0.0,0.0,0.0,0.0,0.0,0.0,0.0,0.0,0.0,1,58,1,0,0,1,1.0,0.0,0.0,1.0,17.241379310344826,1
7686649,1,0.0,0.0,0.0,0.0,0.0,0.0,0.0,0.0,0.0,0.0,0.0,0.0,0.0,0.0,0.0,0.0,0.0,0.0,0.0,0.0,1,55,2,0,0,2,2.0,0.0,0.0,2.0,36.36363636363636,1
7692236,0,0.0,0.0,0.0,0.0,0.4,0.4,0.0,0.4,0.0,0.0,0.0,0.0,0.0,0.0,0.0,0.0,0.0,0.0,0.0,0.0,1,47,1,0,0,1,1.0,0.0,0.0,1.0,21.27659574468085,1
7705536,0,0.0,0.0,0.0,0.0,0.0,0.0,0.0,0.0,0.0,0.0,0.0,0.0,0.0,0.0,0.0,0.0,0.0,0.0,0.0,0.0,1,66,3,1,0,4,3.0,1.0,0.0,4.0,60.60606060606061,1
7716519,0,0.0,0.0,0.0,0.0,0.0,0.0,0.0,0.0,0.0,0.0,0.0,0.0,0.0,0.0,0.0,0.0,0.0,0.0,0.0,0.0,2,309,6,0,0,6,3.0,0.0,0.0,3.0,19.41747572815534,1
